0,female,,,,,,,,
1,male,,,,,,,,
2,male,,,,,,,,
3,male,,,Total = 3589,,,,,
4,male,,,,,,,,
5,male,,,Male,Female,Unisex,Blank,,
6,,,,2847,244,37,461,,3091
7,male,,,,,,,,
8,male,,,,,,,,
9,,,,,,,,,
10,,,,Male,Female,Unisex,Blank,,
11,male,,,79.21426581,6.770688214,1.030927835,12.98411814,,
12,female,,,,,,,,
13,male,,,,,,,,
14,male,,,,,,,,
15,male,,,,,,,,
16,female,,,,,,,,
17,male,,,,,,,,
18,male,,,,,,,,
19,male,,,,,,,,
20,male,,,,,,,,
21,male,,,,,,,,
22,male,,,,,,,,
23,male,,,,,,,,
24,male,,,,,,,,
25,male,,,,,,,,
26,male,,,,,,,,
27,male,,,,,,,,
28,,,,,,,,,
29,male,,,,,,,,
30,male,,,,,,,,
31,,,,,,,,,
32,male,,,,,,,,
33,male,,,,,,,,
0,female,,,,,,,,
1,male,,,,,,,,
2,male,,,,,,,,
3,male,,,,,,,,
4,male,,,,,,,,
5,male,,,,,,,,
6,,,,,,,,,
7,male,,,,,,,,
8,male,,,,,,,,
9,,,,,,,,,
10,,,,,,,,,
11,male,,,,,,,,
12,female,,,,,,,,
13,male,,,,,,,,
14,male,,,,,,,,
15,male,,,,,,,,
16,female,,,,,,,,
17,male,,,,,,,,
18,male,,,,,,,,
19,male,,,,,,,,
20,male,,,,,,,,
21,male,,,,,,,,
22,male,,,,,,,,
23,male,,,,,,,,
24,male,,,,,,,,
25,male,,,,,,,,
26,male,,,,,,,,
27,male,,,,,,,,
28,,,,,,,,,
29,male,,,,,,,,
30,male,,,,,,,,
31,,,,,,,,,
32,male,,,,,,,,
33,male,,,,,,,,
0,male,,,,,,,,
1,male,,,,,,,,
2,,,,,,,,,
3,male,,,,,,,,
4,male,,,,,,,,
5,male,,,,,,,,
6,male,,,,,,,,
7,male,,,,,,,,
8,male,,,,,,,,
9,,,,,,,,,
10,,,,,,,,,
11,,,,,,,,,
12,male,,,,,,,,
13,male,,,,,,,,
14,male,,,,,,,,
15,male,,,,,,,,
16,,,,,,,,,
17,male,,,,,,,,
18,female,,,,,,,,
19,unisex,,,,,,,,
20,male,,,,,,,,
21,male,,,,,,,,
22,female,,,,,,,,
23,male,,,,,,,,
24,male,,,,,,,,
25,male,,,,,,,,
26,male,,,,,,,,
27,,,,,,,,,
28,,,,,,,,,
29,male,,,,,,,,
30,male,,,,,,,,
31,male,,,,,,,,
32,male,,,,,,,,
33,female,,,,,,,,
34,,,,,,,,,
35,male,,,,,,,,
36,,,,,,,,,
37,,,,,,,,,
38,male,,,,,,,,
39,male,,,,,,,,
40,,,,,,,,,
41,male,,,,,,,,
42,male,,,,,,,,
43,male,,,,,,,,
44,male,,,,,,,,
45,,,,,,,,,
46,male,,,,,,,,
47,female,,,,,,,,
48,male,,,,,,,,
49,male,,,,,,,,
50,male,,,,,,,,
51,male,,,,,,,,
52,male,,,,,,,,
53,male,,,,,,,,
54,male,,,,,,,,
55,male,,,,,,,,
56,male,,,,,,,,
57,male,,,,,,,,
58,male,,,,,,,,
59,male,,,,,,,,
60,male,,,,,,,,
61,male,,,,,,,,
62,male,,,,,,,,
63,male,,,,,,,,
64,male,,,,,,,,
65,male,,,,,,,,
66,male,,,,,,,,
67,male,,,,,,,,
68,male,,,,,,,,
69,male,,,,,,,,
70,,,,,,,,,
71,female,,,,,,,,
72,male,,,,,,,,
73,male,,,,,,,,
74,,,,,,,,,
75,male,,,,,,,,
76,male,,,,,,,,
77,male,,,,,,,,
78,unisex,,,,,,,,
79,male,,,,,,,,
80,male,,,,,,,,
81,male,,,,,,,,
82,male,,,,,,,,
83,male,,,,,,,,
84,male,,,,,,,,
85,male,,,,,,,,
86,male,,,,,,,,
87,male,,,,,,,,
88,male,,,,,,,,
89,male,,,,,,,,
90,male,,,,,,,,
91,male,,,,,,,,
92,,,,,,,,,
93,female,,,,,,,,
94,male,,,,,,,,
95,,,,,,,,,
96,female,,,,,,,,
97,male,,,,,,,,
98,male,,,,,,,,
99,female,,,,,,,,
100,male,,,,,,,,
101,female,,,,,,,,
102,male,,,,,,,,
103,male,,,,,,,,
104,male,,,,,,,,
105,female,,,,,,,,
106,male,,,,,,,,
107,,,,,,,,,
108,,,,,,,,,
109,male,,,,,,,,
110,male,,,,,,,,
111,,,,,,,,,
112,male,,,,,,,,
113,,,,,,,,,
114,male,,,,,,,,
115,male,,,,,,,,
116,male,,,,,,,,
117,male,,,,,,,,
118,,,,,,,,,
119,male,,,,,,,,
120,male,,,,,,,,
121,male,,,,,,,,
122,male,,,,,,,,
123,male,,,,,,,,
124,,,,,,,,,
125,male,,,,,,,,
126,male,,,,,,,,
127,male,,,,,,,,
128,male,,,,,,,,
129,male,,,,,,,,
130,male,,,,,,,,
131,male,,,,,,,,
132,male,,,,,,,,
133,male,,,,,,,,
134,male,,,,,,,,
135,male,,,,,,,,
136,,,,,,,,,
137,,,,,,,,,
138,,,,,,,,,
139,male,,,,,,,,
140,,,,,,,,,
141,male,,,,,,,,
142,male,,,,,,,,
143,male,,,,,,,,
144,male,,,,,,,,
145,male,,,,,,,,
146,male,,,,,,,,
147,unisex,,,,,,,,
148,male,,,,,,,,
149,male,,,,,,,,
150,male,,,,,,,,
151,male,,,,,,,,
152,male,,,,,,,,
153,,,,,,,,,
154,,,,,,,,,
155,male,,,,,,,,
156,male,,,,,,,,
157,male,,,,,,,,
158,male,,,,,,,,
159,male,,,,,,,,
160,male,,,,,,,,
161,male,,,,,,,,
162,male,,,,,,,,
163,male,,,,,,,,
164,male,,,,,,,,
165,male,,,,,,,,
166,male,,,,,,,,
167,male,,,,,,,,
168,male,,,,,,,,
169,male,,,,,,,,
170,male,,,,,,,,
171,male,,,,,,,,
172,female,,,,,,,,
173,male,,,,,,,,
174,female,,,,,,,,
175,male,,,,,,,,
176,male,,,,,,,,
177,male,,,,,,,,
178,male,,,,,,,,
179,male,,,,,,,,
180,male,,,,,,,,
181,male,,,,,,,,
182,male,,,,,,,,
183,male,,,,,,,,
184,male,,,,,,,,
185,male,,,,,,,,
186,male,,,,,,,,
187,,,,,,,,,
188,,,,,,,,,
189,male,,,,,,,,
190,,,,,,,,,
191,female,,,,,,,,
192,,,,,,,,,
193,male,,,,,,,,
194,,,,,,,,,
195,unisex,,,,,,,,
196,male,,,,,,,,
197,male,,,,,,,,
198,female,,,,,,,,
199,,,,,,,,,
200,male,,,,,,,,
201,,,,,,,,,
202,female,,,,,,,,
203,male,,,,,,,,
204,male,,,,,,,,
205,male,,,,,,,,
206,male,,,,,,,,
207,,,,,,,,,
208,male,,,,,,,,
209,,,,,,,,,
210,female,,,,,,,,
211,,,,,,,,,
212,male,,,,,,,,
213,male,,,,,,,,
214,male,,,,,,,,
215,male,,,,,,,,
216,unisex,,,,,,,,
217,male,,,,,,,,
218,male,,,,,,,,
219,male,,,,,,,,
220,male,,,,,,,,
221,male,,,,,,,,
222,male,,,,,,,,
223,,,,,,,,,
224,,,,,,,,,
225,female,,,,,,,,
226,male,,,,,,,,
227,male,,,,,,,,
228,male,,,,,,,,
229,male,,,,,,,,
230,male,,,,,,,,
231,male,,,,,,,,
232,male,,,,,,,,
233,male,,,,,,,,
234,,,,,,,,,
235,male,,,,,,,,
236,male,,,,,,,,
237,male,,,,,,,,
238,male,,,,,,,,
239,male,,,,,,,,
240,,,,,,,,,
241,male,,,,,,,,
242,female,,,,,,,,
243,male,,,,,,,,
244,male,,,,,,,,
245,male,,,,,,,,
246,,,,,,,,,
247,female,,,,,,,,
248,male,,,,,,,,
249,male,,,,,,,,
250,,,,,,,,,
251,male,,,,,,,,
252,,,,,,,,,
253,male,,,,,,,,
254,male,,,,,,,,
255,male,,,,,,,,
256,,,,,,,,,
257,,,,,,,,,
258,male,,,,,,,,
259,male,,,,,,,,
260,male,,,,,,,,
261,,,,,,,,,
262,,,,,,,,,
263,female,,,,,,,,
264,female,,,,,,,,
265,male,,,,,,,,
266,female,,,,,,,,
267,male,,,,,,,,
268,,,,,,,,,
269,male,,,,,,,,
270,male,,,,,,,,
271,male,,,,,,,,
272,male,,,,,,,,
273,male,,,,,,,,
274,male,,,,,,,,
275,male,,,,,,,,
276,female,,,,,,,,
277,female,,,,,,,,
278,male,,,,,,,,
279,male,,,,,,,,
280,male,,,,,,,,
281,,,,,,,,,
282,male,,,,,,,,
283,male,,,,,,,,
284,male,,,,,,,,
285,male,,,,,,,,
286,male,,,,,,,,
287,male,,,,,,,,
288,,,,,,,,,
289,male,,,,,,,,
290,female,,,,,,,,
291,,,,,,,,,
292,,,,,,,,,
293,male,,,,,,,,
294,,,,,,,,,
295,male,,,,,,,,
296,,,,,,,,,
297,male,,,,,,,,
298,male,,,,,,,,
299,male,,,,,,,,
300,male,,,,,,,,
301,male,,,,,,,,
302,male,,,,,,,,
303,male,,,,,,,,
304,male,,,,,,,,
305,male,,,,,,,,
306,male,,,,,,,,
307,female,,,,,,,,
308,female,,,,,,,,
309,female,,,,,,,,
310,,,,,,,,,
311,male,,,,,,,,
312,male,,,,,,,,
313,,,,,,,,,
314,female,,,,,,,,
315,male,,,,,,,,
316,male,,,,,,,,
317,,,,,,,,,
318,male,,,,,,,,
319,male,,,,,,,,
320,male,,,,,,,,
321,male,,,,,,,,
322,male,,,,,,,,
323,male,,,,,,,,
324,female,,,,,,,,
325,male,,,,,,,,
326,,,,,,,,,
327,male,,,,,,,,
328,male,,,,,,,,
329,male,,,,,,,,
330,male,,,,,,,,
331,male,,,,,,,,
332,unisex,,,,,,,,
333,male,,,,,,,,
334,male,,,,,,,,
335,,,,,,,,,
336,male,,,,,,,,
337,,,,,,,,,
338,male,,,,,,,,
339,male,,,,,,,,
340,,,,,,,,,
341,,,,,,,,,
342,male,,,,,,,,
343,male,,,,,,,,
344,,,,,,,,,
345,,,,,,,,,
346,female,,,,,,,,
347,male,,,,,,,,
348,male,,,,,,,,
349,,,,,,,,,
350,unisex,,,,,,,,
351,male,,,,,,,,
352,,,,,,,,,
353,,,,,,,,,
354,,,,,,,,,
355,male,,,,,,,,
356,male,,,,,,,,
357,,,,,,,,,
358,male,,,,,,,,
359,male,,,,,,,,
360,female,,,,,,,,
361,male,,,,,,,,
362,male,,,,,,,,
363,male,,,,,,,,
364,female,,,,,,,,
365,male,,,,,,,,
366,male,,,,,,,,
367,female,,,,,,,,
368,male,,,,,,,,
369,male,,,,,,,,
370,male,,,,,,,,
371,female,,,,,,,,
372,male,,,,,,,,
373,male,,,,,,,,
374,female,,,,,,,,
375,male,,,,,,,,
376,male,,,,,,,,
377,male,,,,,,,,
378,,,,,,,,,
379,male,,,,,,,,
380,,,,,,,,,
381,male,,,,,,,,
382,male,,,,,,,,
383,male,,,,,,,,
384,,,,,,,,,
385,,,,,,,,,
386,male,,,,,,,,
387,male,,,,,,,,
388,male,,,,,,,,
389,,,,,,,,,
390,,,,,,,,,
391,male,,,,,,,,
392,male,,,,,,,,
393,female,,,,,,,,
394,,,,,,,,,
395,,,,,,,,,
396,male,,,,,,,,
397,female,,,,,,,,
398,male,,,,,,,,
399,male,,,,,,,,
400,female,,,,,,,,
401,male,,,,,,,,
402,male,,,,,,,,
403,male,,,,,,,,
404,male,,,,,,,,
405,male,,,,,,,,
406,male,,,,,,,,
407,male,,,,,,,,
408,male,,,,,,,,
409,male,,,,,,,,
410,male,,,,,,,,
411,male,,,,,,,,
412,male,,,,,,,,
413,male,,,,,,,,
414,,,,,,,,,
415,male,,,,,,,,
416,male,,,,,,,,
417,male,,,,,,,,
418,male,,,,,,,,
419,male,,,,,,,,
420,male,,,,,,,,
421,,,,,,,,,
422,male,,,,,,,,
423,male,,,,,,,,
424,male,,,,,,,,
425,male,,,,,,,,
426,female,,,,,,,,
427,male,,,,,,,,
428,female,,,,,,,,
429,male,,,,,,,,
430,,,,,,,,,
431,male,,,,,,,,
432,male,,,,,,,,
433,male,,,,,,,,
434,male,,,,,,,,
435,male,,,,,,,,
436,male,,,,,,,,
437,male,,,,,,,,
438,male,,,,,,,,
439,male,,,,,,,,
440,,,,,,,,,
441,male,,,,,,,,
442,male,,,,,,,,
443,female,,,,,,,,
444,male,,,,,,,,
445,male,,,,,,,,
446,male,,,,,,,,
447,male,,,,,,,,
448,female,,,,,,,,
449,,,,,,,,,
450,male,,,,,,,,
451,male,,,,,,,,
452,,,,,,,,,
453,male,,,,,,,,
454,male,,,,,,,,
455,,,,,,,,,
456,male,,,,,,,,
457,male,,,,,,,,
458,female,,,,,,,,
459,,,,,,,,,
460,male,,,,,,,,
461,male,,,,,,,,
462,male,,,,,,,,
463,female,,,,,,,,
464,male,,,,,,,,
465,,,,,,,,,
466,male,,,,,,,,
467,male,,,,,,,,
468,male,,,,,,,,
469,male,,,,,,,,
470,male,,,,,,,,
471,male,,,,,,,,
472,male,,,,,,,,
473,male,,,,,,,,
474,female,,,,,,,,
475,male,,,,,,,,
476,female,,,,,,,,
477,male,,,,,,,,
478,,,,,,,,,
479,male,,,,,,,,
480,male,,,,,,,,
481,male,,,,,,,,
482,,,,,,,,,
483,male,,,,,,,,
484,,,,,,,,,
485,male,,,,,,,,
486,male,,,,,,,,
487,male,,,,,,,,
488,female,,,,,,,,
489,female,,,,,,,,
490,male,,,,,,,,
491,male,,,,,,,,
492,male,,,,,,,,
493,male,,,,,,,,
494,,,,,,,,,
495,female,,,,,,,,
496,male,,,,,,,,
497,male,,,,,,,,
498,male,,,,,,,,
499,male,,,,,,,,
500,male,,,,,,,,
501,,,,,,,,,
502,male,,,,,,,,
503,male,,,,,,,,
504,male,,,,,,,,
505,male,,,,,,,,
506,male,,,,,,,,
507,male,,,,,,,,
508,male,,,,,,,,
509,male,,,,,,,,
510,male,,,,,,,,
511,female,,,,,,,,
512,female,,,,,,,,
513,male,,,,,,,,
514,male,,,,,,,,
515,,,,,,,,,
516,male,,,,,,,,
517,,,,,,,,,
518,male,,,,,,,,
519,male,,,,,,,,
520,female,,,,,,,,
521,male,,,,,,,,
522,male,,,,,,,,
523,male,,,,,,,,
524,male,,,,,,,,
525,,,,,,,,,
526,,,,,,,,,
527,male,,,,,,,,
528,male,,,,,,,,
529,male,,,,,,,,
530,male,,,,,,,,
531,male,,,,,,,,
532,male,,,,,,,,
533,male,,,,,,,,
534,male,,,,,,,,
535,male,,,,,,,,
536,male,,,,,,,,
537,male,,,,,,,,
538,male,,,,,,,,
539,,,,,,,,,
540,,,,,,,,,
541,male,,,,,,,,
542,male,,,,,,,,
543,unisex,,,,,,,,
544,female,,,,,,,,
545,female,,,,,,,,
546,male,,,,,,,,
547,,,,,,,,,
548,male,,,,,,,,
549,male,,,,,,,,
550,male,,,,,,,,
551,male,,,,,,,,
552,male,,,,,,,,
553,female,,,,,,,,
554,male,,,,,,,,
555,female,,,,,,,,
556,male,,,,,,,,
557,,,,,,,,,
558,,,,,,,,,
559,female,,,,,,,,
560,male,,,,,,,,
561,male,,,,,,,,
562,male,,,,,,,,
563,male,,,,,,,,
564,male,,,,,,,,
565,male,,,,,,,,
566,female,,,,,,,,
567,male,,,,,,,,
568,female,,,,,,,,
569,,,,,,,,,
570,male,,,,,,,,
571,male,,,,,,,,
572,,,,,,,,,
573,male,,,,,,,,
574,,,,,,,,,
575,male,,,,,,,,
576,,,,,,,,,
577,male,,,,,,,,
578,male,,,,,,,,
579,,,,,,,,,
580,male,,,,,,,,
581,male,,,,,,,,
582,male,,,,,,,,
583,,,,,,,,,
584,female,,,,,,,,
585,unisex,,,,,,,,
586,male,,,,,,,,
587,female,,,,,,,,
588,male,,,,,,,,
589,unisex,,,,,,,,
590,male,,,,,,,,
591,male,,,,,,,,
592,,,,,,,,,
593,,,,,,,,,
594,male,,,,,,,,
595,male,,,,,,,,
596,male,,,,,,,,
597,male,,,,,,,,
598,male,,,,,,,,
599,male,,,,,,,,
600,male,,,,,,,,
601,male,,,,,,,,
602,,,,,,,,,
603,male,,,,,,,,
604,male,,,,,,,,
605,male,,,,,,,,
606,male,,,,,,,,
607,male,,,,,,,,
608,male,,,,,,,,
609,female,,,,,,,,
610,male,,,,,,,,
611,,,,,,,,,
0,male,,,,,,,,
1,male,,,,,,,,
2,male,,,,,,,,
3,male,,,,,,,,
4,male,,,,,,,,
5,male,,,,,,,,
6,male,,,,,,,,
7,male,,,,,,,,
8,male,,,,,,,,
9,male,,,,,,,,
10,male,,,,,,,,
11,male,,,,,,,,
12,male,,,,,,,,
13,male,,,,,,,,
14,male,,,,,,,,
15,male,,,,,,,,
16,,,,,,,,,
17,male,,,,,,,,
18,male,,,,,,,,
19,male,,,,,,,,
20,male,,,,,,,,
21,,,,,,,,,
22,male,,,,,,,,
23,male,,,,,,,,
24,male,,,,,,,,
25,male,,,,,,,,
26,male,,,,,,,,
27,male,,,,,,,,
28,female,,,,,,,,
29,female,,,,,,,,
30,,,,,,,,,
31,female,,,,,,,,
32,male,,,,,,,,
33,male,,,,,,,,
34,male,,,,,,,,
35,male,,,,,,,,
36,male,,,,,,,,
37,male,,,,,,,,
38,male,,,,,,,,
39,male,,,,,,,,
40,male,,,,,,,,
41,male,,,,,,,,
42,male,,,,,,,,
43,male,,,,,,,,
44,male,,,,,,,,
45,male,,,,,,,,
46,male,,,,,,,,
47,male,,,,,,,,
48,,,,,,,,,
49,male,,,,,,,,
50,male,,,,,,,,
51,unisex,,,,,,,,
52,,,,,,,,,
53,male,,,,,,,,
54,male,,,,,,,,
55,male,,,,,,,,
56,male,,,,,,,,
57,male,,,,,,,,
58,male,,,,,,,,
59,female,,,,,,,,
60,male,,,,,,,,
61,male,,,,,,,,
62,male,,,,,,,,
63,male,,,,,,,,
64,male,,,,,,,,
65,male,,,,,,,,
66,male,,,,,,,,
67,male,,,,,,,,
68,male,,,,,,,,
69,male,,,,,,,,
70,male,,,,,,,,
71,male,,,,,,,,
72,male,,,,,,,,
73,male,,,,,,,,
74,male,,,,,,,,
75,male,,,,,,,,
76,male,,,,,,,,
77,male,,,,,,,,
78,male,,,,,,,,
79,male,,,,,,,,
80,male,,,,,,,,
81,male,,,,,,,,
82,male,,,,,,,,
83,male,,,,,,,,
84,male,,,,,,,,
85,,,,,,,,,
86,male,,,,,,,,
87,male,,,,,,,,
88,male,,,,,,,,
89,male,,,,,,,,
90,male,,,,,,,,
91,male,,,,,,,,
92,male,,,,,,,,
93,,,,,,,,,
94,,,,,,,,,
95,,,,,,,,,
96,,,,,,,,,
97,male,,,,,,,,
98,male,,,,,,,,
99,female,,,,,,,,
100,female,,,,,,,,
101,male,,,,,,,,
102,male,,,,,,,,
103,male,,,,,,,,
104,male,,,,,,,,
105,male,,,,,,,,
106,male,,,,,,,,
107,,,,,,,,,
108,male,,,,,,,,
109,,,,,,,,,
110,male,,,,,,,,
111,male,,,,,,,,
112,male,,,,,,,,
113,female,,,,,,,,
114,,,,,,,,,
115,male,,,,,,,,
116,,,,,,,,,
117,male,,,,,,,,
118,female,,,,,,,,
119,male,,,,,,,,
120,male,,,,,,,,
121,,,,,,,,,
122,male,,,,,,,,
123,male,,,,,,,,
124,male,,,,,,,,
125,unisex,,,,,,,,
126,male,,,,,,,,
127,female,,,,,,,,
128,male,,,,,,,,
129,male,,,,,,,,
130,male,,,,,,,,
131,male,,,,,,,,
132,male,,,,,,,,
133,male,,,,,,,,
134,male,,,,,,,,
135,female,,,,,,,,
136,male,,,,,,,,
137,male,,,,,,,,
138,male,,,,,,,,
139,male,,,,,,,,
140,male,,,,,,,,
141,male,,,,,,,,
142,male,,,,,,,,
143,male,,,,,,,,
144,male,,,,,,,,
145,male,,,,,,,,
146,female,,,,,,,,
147,male,,,,,,,,
148,male,,,,,,,,
149,male,,,,,,,,
150,male,,,,,,,,
151,,,,,,,,,
152,male,,,,,,,,
153,male,,,,,,,,
154,male,,,,,,,,
155,male,,,,,,,,
156,male,,,,,,,,
157,male,,,,,,,,
158,male,,,,,,,,
159,,,,,,,,,
160,male,,,,,,,,
161,male,,,,,,,,
162,male,,,,,,,,
163,male,,,,,,,,
164,male,,,,,,,,
165,male,,,,,,,,
166,male,,,,,,,,
167,male,,,,,,,,
168,male,,,,,,,,
169,male,,,,,,,,
170,male,,,,,,,,
171,male,,,,,,,,
172,male,,,,,,,,
173,male,,,,,,,,
174,male,,,,,,,,
175,male,,,,,,,,
176,,,,,,,,,
177,male,,,,,,,,
178,male,,,,,,,,
179,male,,,,,,,,
180,female,,,,,,,,
181,male,,,,,,,,
182,male,,,,,,,,
183,male,,,,,,,,
184,female,,,,,,,,
185,,,,,,,,,
186,unisex,,,,,,,,
187,male,,,,,,,,
188,male,,,,,,,,
189,male,,,,,,,,
190,,,,,,,,,
191,male,,,,,,,,
192,female,,,,,,,,
193,female,,,,,,,,
194,male,,,,,,,,
195,male,,,,,,,,
196,male,,,,,,,,
197,male,,,,,,,,
198,male,,,,,,,,
199,male,,,,,,,,
200,,,,,,,,,
201,male,,,,,,,,
202,male,,,,,,,,
203,male,,,,,,,,
204,female,,,,,,,,
205,male,,,,,,,,
206,male,,,,,,,,
207,male,,,,,,,,
208,male,,,,,,,,
209,,,,,,,,,
210,male,,,,,,,,
211,male,,,,,,,,
212,,,,,,,,,
213,male,,,,,,,,
214,male,,,,,,,,
215,male,,,,,,,,
216,male,,,,,,,,
217,male,,,,,,,,
218,male,,,,,,,,
219,male,,,,,,,,
220,male,,,,,,,,
221,male,,,,,,,,
222,male,,,,,,,,
223,male,,,,,,,,
224,male,,,,,,,,
225,male,,,,,,,,
226,male,,,,,,,,
227,male,,,,,,,,
228,male,,,,,,,,
229,male,,,,,,,,
230,male,,,,,,,,
231,male,,,,,,,,
232,male,,,,,,,,
233,female,,,,,,,,
234,male,,,,,,,,
235,male,,,,,,,,
236,female,,,,,,,,
237,male,,,,,,,,
238,,,,,,,,,
239,male,,,,,,,,
240,male,,,,,,,,
241,male,,,,,,,,
242,male,,,,,,,,
243,male,,,,,,,,
244,male,,,,,,,,
245,male,,,,,,,,
246,,,,,,,,,
247,male,,,,,,,,
248,male,,,,,,,,
249,male,,,,,,,,
250,male,,,,,,,,
251,male,,,,,,,,
252,male,,,,,,,,
253,male,,,,,,,,
254,male,,,,,,,,
255,male,,,,,,,,
256,male,,,,,,,,
257,male,,,,,,,,
258,male,,,,,,,,
259,male,,,,,,,,
260,female,,,,,,,,
261,male,,,,,,,,
262,male,,,,,,,,
263,,,,,,,,,
264,,,,,,,,,
265,male,,,,,,,,
266,male,,,,,,,,
267,male,,,,,,,,
268,,,,,,,,,
269,male,,,,,,,,
270,male,,,,,,,,
271,male,,,,,,,,
272,male,,,,,,,,
273,male,,,,,,,,
274,male,,,,,,,,
275,male,,,,,,,,
276,male,,,,,,,,
277,male,,,,,,,,
278,male,,,,,,,,
279,male,,,,,,,,
280,male,,,,,,,,
281,male,,,,,,,,
282,male,,,,,,,,
283,male,,,,,,,,
284,male,,,,,,,,
285,male,,,,,,,,
286,male,,,,,,,,
287,male,,,,,,,,
288,male,,,,,,,,
289,,,,,,,,,
290,male,,,,,,,,
291,male,,,,,,,,
292,,,,,,,,,
293,male,,,,,,,,
294,male,,,,,,,,
295,,,,,,,,,
296,,,,,,,,,
297,,,,,,,,,
298,male,,,,,,,,
299,male,,,,,,,,
300,male,,,,,,,,
301,male,,,,,,,,
302,female,,,,,,,,
303,male,,,,,,,,
304,female,,,,,,,,
305,male,,,,,,,,
306,male,,,,,,,,
307,male,,,,,,,,
308,male,,,,,,,,
309,,,,,,,,,
310,,,,,,,,,
311,male,,,,,,,,
312,male,,,,,,,,
313,,,,,,,,,
314,male,,,,,,,,
315,male,,,,,,,,
316,male,,,,,,,,
317,male,,,,,,,,
318,male,,,,,,,,
319,male,,,,,,,,
320,male,,,,,,,,
321,female,,,,,,,,
322,male,,,,,,,,
323,male,,,,,,,,
324,male,,,,,,,,
325,,,,,,,,,
326,male,,,,,,,,
327,male,,,,,,,,
328,male,,,,,,,,
329,,,,,,,,,
330,male,,,,,,,,
331,male,,,,,,,,
332,male,,,,,,,,
333,male,,,,,,,,
334,female,,,,,,,,
335,unisex,,,,,,,,
336,male,,,,,,,,
337,male,,,,,,,,
338,male,,,,,,,,
339,male,,,,,,,,
340,male,,,,,,,,
341,male,,,,,,,,
342,female,,,,,,,,
343,male,,,,,,,,
344,male,,,,,,,,
345,female,,,,,,,,
346,male,,,,,,,,
347,male,,,,,,,,
348,male,,,,,,,,
349,male,,,,,,,,
350,male,,,,,,,,
351,male,,,,,,,,
352,male,,,,,,,,
353,male,,,,,,,,
354,,,,,,,,,
355,male,,,,,,,,
356,male,,,,,,,,
357,male,,,,,,,,
358,male,,,,,,,,
359,male,,,,,,,,
360,male,,,,,,,,
361,male,,,,,,,,
362,male,,,,,,,,
363,male,,,,,,,,
364,male,,,,,,,,
365,male,,,,,,,,
366,male,,,,,,,,
367,male,,,,,,,,
368,male,,,,,,,,
369,male,,,,,,,,
370,male,,,,,,,,
371,male,,,,,,,,
372,male,,,,,,,,
373,female,,,,,,,,
374,male,,,,,,,,
375,male,,,,,,,,
376,male,,,,,,,,
377,male,,,,,,,,
378,,,,,,,,,
0,male,,,,,,,,
1,male,,,,,,,,
2,male,,,,,,,,
3,female,,,,,,,,
4,male,,,,,,,,
5,male,,,,,,,,
6,female,,,,,,,,
7,male,,,,,,,,
8,male,,,,,,,,
9,male,,,,,,,,
10,male,,,,,,,,
11,male,,,,,,,,
12,male,,,,,,,,
13,male,,,,,,,,
14,male,,,,,,,,
15,male,,,,,,,,
16,male,,,,,,,,
17,,,,,,,,,
18,male,,,,,,,,
19,male,,,,,,,,
20,,,,,,,,,
21,male,,,,,,,,
22,unisex,,,,,,,,
23,female,,,,,,,,
24,male,,,,,,,,
25,male,,,,,,,,
26,male,,,,,,,,
27,male,,,,,,,,
28,female,,,,,,,,
29,male,,,,,,,,
30,,,,,,,,,
31,male,,,,,,,,
32,female,,,,,,,,
33,,,,,,,,,
34,,,,,,,,,
35,male,,,,,,,,
36,female,,,,,,,,
37,male,,,,,,,,
38,,,,,,,,,
39,male,,,,,,,,
40,male,,,,,,,,
41,male,,,,,,,,
42,,,,,,,,,
43,female,,,,,,,,
44,male,,,,,,,,
45,male,,,,,,,,
46,male,,,,,,,,
47,male,,,,,,,,
48,male,,,,,,,,
49,male,,,,,,,,
50,male,,,,,,,,
51,female,,,,,,,,
52,male,,,,,,,,
53,female,,,,,,,,
54,,,,,,,,,
55,,,,,,,,,
56,male,,,,,,,,
57,male,,,,,,,,
58,male,,,,,,,,
59,,,,,,,,,
60,male,,,,,,,,
61,male,,,,,,,,
62,female,,,,,,,,
63,male,,,,,,,,
64,male,,,,,,,,
65,male,,,,,,,,
66,,,,,,,,,
67,unisex,,,,,,,,
68,male,,,,,,,,
69,,,,,,,,,
70,male,,,,,,,,
71,male,,,,,,,,
72,unisex,,,,,,,,
73,male,,,,,,,,
74,male,,,,,,,,
75,male,,,,,,,,
76,,,,,,,,,
77,male,,,,,,,,
78,,,,,,,,,
79,,,,,,,,,
80,male,,,,,,,,
81,unisex,,,,,,,,
82,male,,,,,,,,
83,male,,,,,,,,
84,female,,,,,,,,
85,female,,,,,,,,
86,male,,,,,,,,
87,male,,,,,,,,
88,female,,,,,,,,
89,male,,,,,,,,
90,male,,,,,,,,
91,male,,,,,,,,
92,,,,,,,,,
93,male,,,,,,,,
94,,,,,,,,,
95,male,,,,,,,,
96,male,,,,,,,,
97,male,,,,,,,,
98,,,,,,,,,
99,male,,,,,,,,
100,,,,,,,,,
101,male,,,,,,,,
102,male,,,,,,,,
103,,,,,,,,,
104,male,,,,,,,,
105,male,,,,,,,,
106,,,,,,,,,
107,female,,,,,,,,
108,male,,,,,,,,
109,,,,,,,,,
110,,,,,,,,,
111,,,,,,,,,
112,,,,,,,,,
113,male,,,,,,,,
114,male,,,,,,,,
115,male,,,,,,,,
116,male,,,,,,,,
117,,,,,,,,,
118,male,,,,,,,,
119,male,,,,,,,,
120,male,,,,,,,,
121,male,,,,,,,,
122,female,,,,,,,,
123,male,,,,,,,,
124,,,,,,,,,
125,male,,,,,,,,
126,male,,,,,,,,
127,,,,,,,,,
128,,,,,,,,,
129,,,,,,,,,
130,,,,,,,,,
0,female,,,,,,,,
1,male,,,,,,,,
2,male,,,,,,,,
3,male,,,,,,,,
4,male,,,,,,,,
5,male,,,,,,,,
6,male,,,,,,,,
7,,,,,,,,,
8,male,,,,,,,,
9,male,,,,,,,,
10,male,,,,,,,,
11,unisex,,,,,,,,
12,male,,,,,,,,
13,male,,,,,,,,
14,female,,,,,,,,
15,male,,,,,,,,
16,male,,,,,,,,
17,male,,,,,,,,
18,male,,,,,,,,
19,male,,,,,,,,
20,male,,,,,,,,
21,male,,,,,,,,
22,male,,,,,,,,
23,male,,,,,,,,
24,male,,,,,,,,
25,male,,,,,,,,
26,male,,,,,,,,
27,male,,,,,,,,
28,male,,,,,,,,
29,male,,,,,,,,
30,unisex,,,,,,,,
31,male,,,,,,,,
32,male,,,,,,,,
33,male,,,,,,,,
34,male,,,,,,,,
35,male,,,,,,,,
36,male,,,,,,,,
37,male,,,,,,,,
38,male,,,,,,,,
39,male,,,,,,,,
40,male,,,,,,,,
41,male,,,,,,,,
42,male,,,,,,,,
43,male,,,,,,,,
44,male,,,,,,,,
45,male,,,,,,,,
46,male,,,,,,,,
47,male,,,,,,,,
48,male,,,,,,,,
49,female,,,,,,,,
50,male,,,,,,,,
51,male,,,,,,,,
52,male,,,,,,,,
53,male,,,,,,,,
54,male,,,,,,,,
55,male,,,,,,,,
56,,,,,,,,,
57,male,,,,,,,,
58,male,,,,,,,,
59,male,,,,,,,,
60,male,,,,,,,,
61,male,,,,,,,,
62,male,,,,,,,,
63,male,,,,,,,,
64,male,,,,,,,,
65,male,,,,,,,,
66,male,,,,,,,,
67,male,,,,,,,,
68,male,,,,,,,,
69,male,,,,,,,,
70,female,,,,,,,,
71,male,,,,,,,,
72,male,,,,,,,,
73,male,,,,,,,,
74,male,,,,,,,,
75,male,,,,,,,,
76,male,,,,,,,,
77,,,,,,,,,
78,male,,,,,,,,
79,male,,,,,,,,
80,male,,,,,,,,
81,male,,,,,,,,
82,male,,,,,,,,
83,male,,,,,,,,
84,male,,,,,,,,
85,male,,,,,,,,
86,male,,,,,,,,
87,male,,,,,,,,
88,female,,,,,,,,
89,female,,,,,,,,
90,male,,,,,,,,
91,,,,,,,,,
92,male,,,,,,,,
93,male,,,,,,,,
94,male,,,,,,,,
95,,,,,,,,,
96,female,,,,,,,,
97,female,,,,,,,,
98,male,,,,,,,,
99,male,,,,,,,,
100,male,,,,,,,,
101,male,,,,,,,,
102,,,,,,,,,
103,male,,,,,,,,
104,male,,,,,,,,
105,male,,,,,,,,
106,male,,,,,,,,
107,male,,,,,,,,
108,male,,,,,,,,
109,male,,,,,,,,
110,male,,,,,,,,
111,female,,,,,,,,
112,male,,,,,,,,
113,male,,,,,,,,
114,male,,,,,,,,
115,,,,,,,,,
116,male,,,,,,,,
117,male,,,,,,,,
118,male,,,,,,,,
119,male,,,,,,,,
120,male,,,,,,,,
121,male,,,,,,,,
122,male,,,,,,,,
0,male,,,,,,,,
1,male,,,,,,,,
2,male,,,,,,,,
3,male,,,,,,,,
4,male,,,,,,,,
5,male,,,,,,,,
6,male,,,,,,,,
7,male,,,,,,,,
8,male,,,,,,,,
9,female,,,,,,,,
10,male,,,,,,,,
11,male,,,,,,,,
12,male,,,,,,,,
13,male,,,,,,,,
14,male,,,,,,,,
15,male,,,,,,,,
16,male,,,,,,,,
17,male,,,,,,,,
18,male,,,,,,,,
19,male,,,,,,,,
20,,,,,,,,,
21,male,,,,,,,,
22,male,,,,,,,,
23,female,,,,,,,,
24,male,,,,,,,,
25,male,,,,,,,,
26,male,,,,,,,,
27,male,,,,,,,,
28,male,,,,,,,,
29,male,,,,,,,,
30,male,,,,,,,,
31,male,,,,,,,,
32,male,,,,,,,,
33,male,,,,,,,,
34,unisex,,,,,,,,
35,male,,,,,,,,
36,male,,,,,,,,
37,,,,,,,,,
38,,,,,,,,,
39,,,,,,,,,
40,male,,,,,,,,
41,male,,,,,,,,
42,male,,,,,,,,
43,,,,,,,,,
44,male,,,,,,,,
45,male,,,,,,,,
46,male,,,,,,,,
47,male,,,,,,,,
48,male,,,,,,,,
49,male,,,,,,,,
50,unisex,,,,,,,,
51,male,,,,,,,,
52,male,,,,,,,,
53,male,,,,,,,,
54,male,,,,,,,,
55,female,,,,,,,,
56,male,,,,,,,,
57,male,,,,,,,,
58,male,,,,,,,,
59,,,,,,,,,
60,male,,,,,,,,
61,male,,,,,,,,
62,male,,,,,,,,
63,male,,,,,,,,
64,male,,,,,,,,
65,male,,,,,,,,
66,male,,,,,,,,
67,male,,,,,,,,
68,female,,,,,,,,
69,female,,,,,,,,
70,male,,,,,,,,
71,male,,,,,,,,
72,male,,,,,,,,
73,male,,,,,,,,
74,male,,,,,,,,
75,male,,,,,,,,
76,male,,,,,,,,
77,male,,,,,,,,
78,male,,,,,,,,
79,male,,,,,,,,
80,male,,,,,,,,
81,male,,,,,,,,
82,male,,,,,,,,
83,male,,,,,,,,
84,male,,,,,,,,
85,male,,,,,,,,
86,male,,,,,,,,
87,male,,,,,,,,
88,male,,,,,,,,
89,male,,,,,,,,
90,male,,,,,,,,
91,male,,,,,,,,
92,male,,,,,,,,
93,male,,,,,,,,
94,male,,,,,,,,
95,male,,,,,,,,
96,male,,,,,,,,
97,,,,,,,,,
98,male,,,,,,,,
99,male,,,,,,,,
100,,,,,,,,,
101,male,,,,,,,,
102,male,,,,,,,,
103,male,,,,,,,,
104,male,,,,,,,,
105,male,,,,,,,,
106,male,,,,,,,,
107,male,,,,,,,,
108,male,,,,,,,,
109,,,,,,,,,
110,,,,,,,,,
111,male,,,,,,,,
112,male,,,,,,,,
113,,,,,,,,,
114,male,,,,,,,,
115,,,,,,,,,
116,male,,,,,,,,
117,male,,,,,,,,
118,male,,,,,,,,
119,female,,,,,,,,
120,male,,,,,,,,
121,male,,,,,,,,
122,male,,,,,,,,
123,male,,,,,,,,
124,male,,,,,,,,
125,male,,,,,,,,
126,male,,,,,,,,
127,male,,,,,,,,
128,male,,,,,,,,
129,male,,,,,,,,
130,male,,,,,,,,
131,male,,,,,,,,
132,male,,,,,,,,
133,,,,,,,,,
134,male,,,,,,,,
135,male,,,,,,,,
136,male,,,,,,,,
137,male,,,,,,,,
138,female,,,,,,,,
139,male,,,,,,,,
140,male,,,,,,,,
141,male,,,,,,,,
142,male,,,,,,,,
143,male,,,,,,,,
144,male,,,,,,,,
145,male,,,,,,,,
146,male,,,,,,,,
147,female,,,,,,,,
148,male,,,,,,,,
149,male,,,,,,,,
150,male,,,,,,,,
151,male,,,,,,,,
152,male,,,,,,,,
153,male,,,,,,,,
154,female,,,,,,,,
155,male,,,,,,,,
156,male,,,,,,,,
157,male,,,,,,,,
158,male,,,,,,,,
159,male,,,,,,,,
160,male,,,,,,,,
161,male,,,,,,,,
162,male,,,,,,,,
163,male,,,,,,,,
164,male,,,,,,,,
165,male,,,,,,,,
166,male,,,,,,,,
167,male,,,,,,,,
168,male,,,,,,,,
169,female,,,,,,,,
170,male,,,,,,,,
171,male,,,,,,,,
172,female,,,,,,,,
173,male,,,,,,,,
174,male,,,,,,,,
175,male,,,,,,,,
176,male,,,,,,,,
177,male,,,,,,,,
178,male,,,,,,,,
179,female,,,,,,,,
180,male,,,,,,,,
181,male,,,,,,,,
182,male,,,,,,,,
183,,,,,,,,,
184,,,,,,,,,
185,male,,,,,,,,
186,male,,,,,,,,
187,male,,,,,,,,
188,male,,,,,,,,
189,,,,,,,,,
190,male,,,,,,,,
191,male,,,,,,,,
192,male,,,,,,,,
193,,,,,,,,,
194,male,,,,,,,,
195,male,,,,,,,,
196,male,,,,,,,,
197,male,,,,,,,,
198,female,,,,,,,,
199,male,,,,,,,,
200,male,,,,,,,,
201,male,,,,,,,,
202,male,,,,,,,,
203,male,,,,,,,,
204,male,,,,,,,,
205,male,,,,,,,,
206,male,,,,,,,,
207,male,,,,,,,,
208,male,,,,,,,,
209,,,,,,,,,
210,male,,,,,,,,
211,male,,,,,,,,
212,male,,,,,,,,
213,male,,,,,,,,
214,male,,,,,,,,
215,male,,,,,,,,
216,,,,,,,,,
217,male,,,,,,,,
218,male,,,,,,,,
219,male,,,,,,,,
220,,,,,,,,,
221,male,,,,,,,,
222,male,,,,,,,,
223,male,,,,,,,,
224,male,,,,,,,,
225,male,,,,,,,,
226,male,,,,,,,,
227,female,,,,,,,,
228,male,,,,,,,,
229,male,,,,,,,,
230,male,,,,,,,,
231,male,,,,,,,,
232,,,,,,,,,
233,male,,,,,,,,
234,male,,,,,,,,
235,male,,,,,,,,
236,male,,,,,,,,
237,male,,,,,,,,
238,male,,,,,,,,
239,male,,,,,,,,
240,male,,,,,,,,
241,male,,,,,,,,
242,,,,,,,,,
243,male,,,,,,,,
244,male,,,,,,,,
245,female,,,,,,,,
246,male,,,,,,,,
247,male,,,,,,,,
248,,,,,,,,,
249,,,,,,,,,
250,male,,,,,,,,
251,male,,,,,,,,
252,male,,,,,,,,
253,male,,,,,,,,
254,,,,,,,,,
255,male,,,,,,,,
256,male,,,,,,,,
257,male,,,,,,,,
258,,,,,,,,,
259,male,,,,,,,,
260,,,,,,,,,
261,male,,,,,,,,
262,male,,,,,,,,
263,male,,,,,,,,
264,male,,,,,,,,
265,male,,,,,,,,
266,male,,,,,,,,
267,male,,,,,,,,
268,male,,,,,,,,
269,male,,,,,,,,
270,male,,,,,,,,
271,male,,,,,,,,
272,male,,,,,,,,
273,male,,,,,,,,
274,,,,,,,,,
275,,,,,,,,,
276,male,,,,,,,,
277,male,,,,,,,,
278,male,,,,,,,,
279,male,,,,,,,,
280,male,,,,,,,,
281,male,,,,,,,,
282,male,,,,,,,,
283,male,,,,,,,,
284,male,,,,,,,,
285,,,,,,,,,
286,male,,,,,,,,
287,,,,,,,,,
288,male,,,,,,,,
289,male,,,,,,,,
290,male,,,,,,,,
291,male,,,,,,,,
292,male,,,,,,,,
293,male,,,,,,,,
294,female,,,,,,,,
295,male,,,,,,,,
296,male,,,,,,,,
297,male,,,,,,,,
298,male,,,,,,,,
299,male,,,,,,,,
300,,,,,,,,,
301,male,,,,,,,,
302,female,,,,,,,,
303,male,,,,,,,,
304,,,,,,,,,
305,,,,,,,,,
306,male,,,,,,,,
307,male,,,,,,,,
308,male,,,,,,,,
309,male,,,,,,,,
310,,,,,,,,,
311,male,,,,,,,,
312,male,,,,,,,,
313,male,,,,,,,,
314,male,,,,,,,,
315,,,,,,,,,
316,male,,,,,,,,
317,male,,,,,,,,
318,male,,,,,,,,
319,unisex,,,,,,,,
320,male,,,,,,,,
321,male,,,,,,,,
322,female,,,,,,,,
323,male,,,,,,,,
324,male,,,,,,,,
325,male,,,,,,,,
326,female,,,,,,,,
327,female,,,,,,,,
328,male,,,,,,,,
329,male,,,,,,,,
330,female,,,,,,,,
331,male,,,,,,,,
332,female,,,,,,,,
333,male,,,,,,,,
334,male,,,,,,,,
335,male,,,,,,,,
336,male,,,,,,,,
337,male,,,,,,,,
338,,,,,,,,,
339,,,,,,,,,
340,male,,,,,,,,
341,male,,,,,,,,
342,,,,,,,,,
343,male,,,,,,,,
344,male,,,,,,,,
345,male,,,,,,,,
346,male,,,,,,,,
347,male,,,,,,,,
348,male,,,,,,,,
349,male,,,,,,,,
350,male,,,,,,,,
351,male,,,,,,,,
352,male,,,,,,,,
353,male,,,,,,,,
354,male,,,,,,,,
355,male,,,,,,,,
356,male,,,,,,,,
357,male,,,,,,,,
358,male,,,,,,,,
359,male,,,,,,,,
360,male,,,,,,,,
361,unisex,,,,,,,,
362,male,,,,,,,,
363,male,,,,,,,,
364,male,,,,,,,,
365,male,,,,,,,,
366,male,,,,,,,,
367,male,,,,,,,,
368,male,,,,,,,,
369,male,,,,,,,,
370,male,,,,,,,,
371,male,,,,,,,,
372,male,,,,,,,,
373,male,,,,,,,,
374,female,,,,,,,,
375,male,,,,,,,,
376,male,,,,,,,,
377,male,,,,,,,,
378,male,,,,,,,,
379,male,,,,,,,,
380,male,,,,,,,,
381,male,,,,,,,,
382,male,,,,,,,,
383,male,,,,,,,,
384,male,,,,,,,,
385,male,,,,,,,,
386,male,,,,,,,,
387,male,,,,,,,,
388,male,,,,,,,,
389,male,,,,,,,,
390,male,,,,,,,,
391,male,,,,,,,,
392,male,,,,,,,,
393,male,,,,,,,,
394,male,,,,,,,,
395,male,,,,,,,,
396,,,,,,,,,
397,male,,,,,,,,
398,male,,,,,,,,
399,male,,,,,,,,
400,male,,,,,,,,
401,male,,,,,,,,
402,male,,,,,,,,
403,male,,,,,,,,
404,male,,,,,,,,
405,male,,,,,,,,
406,male,,,,,,,,
407,male,,,,,,,,
408,male,,,,,,,,
409,,,,,,,,,
410,male,,,,,,,,
411,male,,,,,,,,
412,male,,,,,,,,
413,male,,,,,,,,
414,,,,,,,,,
415,,,,,,,,,
416,female,,,,,,,,
417,,,,,,,,,
418,male,,,,,,,,
419,male,,,,,,,,
420,male,,,,,,,,
421,male,,,,,,,,
422,male,,,,,,,,
423,male,,,,,,,,
424,,,,,,,,,
425,male,,,,,,,,
426,male,,,,,,,,
427,male,,,,,,,,
428,male,,,,,,,,
429,male,,,,,,,,
430,male,,,,,,,,
431,male,,,,,,,,
432,male,,,,,,,,
433,male,,,,,,,,
434,male,,,,,,,,
435,unisex,,,,,,,,
436,,,,,,,,,
437,male,,,,,,,,
438,male,,,,,,,,
439,male,,,,,,,,
440,,,,,,,,,
441,male,,,,,,,,
442,male,,,,,,,,
443,male,,,,,,,,
444,male,,,,,,,,
445,male,,,,,,,,
446,male,,,,,,,,
447,male,,,,,,,,
448,male,,,,,,,,
449,male,,,,,,,,
450,male,,,,,,,,
451,male,,,,,,,,
452,male,,,,,,,,
453,male,,,,,,,,
454,male,,,,,,,,
455,male,,,,,,,,
456,male,,,,,,,,
457,male,,,,,,,,
458,male,,,,,,,,
459,male,,,,,,,,
460,,,,,,,,,
461,male,,,,,,,,
462,male,,,,,,,,
463,male,,,,,,,,
464,male,,,,,,,,
465,male,,,,,,,,
466,,,,,,,,,
467,male,,,,,,,,
468,male,,,,,,,,
469,male,,,,,,,,
470,male,,,,,,,,
471,male,,,,,,,,
472,male,,,,,,,,
473,male,,,,,,,,
474,,,,,,,,,
475,male,,,,,,,,
476,male,,,,,,,,
477,female,,,,,,,,
478,female,,,,,,,,
479,male,,,,,,,,
480,male,,,,,,,,
481,male,,,,,,,,
482,male,,,,,,,,
483,male,,,,,,,,
484,male,,,,,,,,
485,male,,,,,,,,
486,,,,,,,,,
487,male,,,,,,,,
488,male,,,,,,,,
489,,,,,,,,,
490,male,,,,,,,,
491,,,,,,,,,
492,male,,,,,,,,
493,,,,,,,,,
494,male,,,,,,,,
495,male,,,,,,,,
496,male,,,,,,,,
497,male,,,,,,,,
498,male,,,,,,,,
499,female,,,,,,,,
500,female,,,,,,,,
501,male,,,,,,,,
502,male,,,,,,,,
503,male,,,,,,,,
504,male,,,,,,,,
505,male,,,,,,,,
506,,,,,,,,,
507,male,,,,,,,,
508,male,,,,,,,,
509,female,,,,,,,,
510,,,,,,,,,
511,male,,,,,,,,
512,male,,,,,,,,
513,,,,,,,,,
514,male,,,,,,,,
515,male,,,,,,,,
516,male,,,,,,,,
517,male,,,,,,,,
518,male,,,,,,,,
519,male,,,,,,,,
520,male,,,,,,,,
521,,,,,,,,,
522,,,,,,,,,
523,male,,,,,,,,
524,male,,,,,,,,
525,male,,,,,,,,
526,male,,,,,,,,
527,,,,,,,,,
528,male,,,,,,,,
529,male,,,,,,,,
530,male,,,,,,,,
531,,,,,,,,,
532,,,,,,,,,
533,male,,,,,,,,
534,male,,,,,,,,
535,male,,,,,,,,
536,male,,,,,,,,
537,male,,,,,,,,
538,male,,,,,,,,
539,male,,,,,,,,
540,male,,,,,,,,
541,male,,,,,,,,
542,male,,,,,,,,
543,male,,,,,,,,
544,male,,,,,,,,
545,male,,,,,,,,
546,male,,,,,,,,
547,male,,,,,,,,
548,male,,,,,,,,
549,male,,,,,,,,
550,,,,,,,,,
551,male,,,,,,,,
552,male,,,,,,,,
553,male,,,,,,,,
554,,,,,,,,,
555,male,,,,,,,,
556,,,,,,,,,
557,male,,,,,,,,
558,,,,,,,,,
559,male,,,,,,,,
560,male,,,,,,,,
561,unisex,,,,,,,,
562,male,,,,,,,,
563,male,,,,,,,,
564,male,,,,,,,,
565,male,,,,,,,,
566,male,,,,,,,,
567,,,,,,,,,
568,male,,,,,,,,
569,male,,,,,,,,
570,male,,,,,,,,
571,male,,,,,,,,
572,male,,,,,,,,
573,male,,,,,,,,
574,male,,,,,,,,
575,male,,,,,,,,
576,male,,,,,,,,
577,male,,,,,,,,
578,female,,,,,,,,
579,female,,,,,,,,
580,male,,,,,,,,
581,male,,,,,,,,
582,male,,,,,,,,
583,male,,,,,,,,
584,male,,,,,,,,
585,male,,,,,,,,
586,male,,,,,,,,
587,male,,,,,,,,
588,male,,,,,,,,
589,female,,,,,,,,
590,,,,,,,,,
591,female,,,,,,,,
592,,,,,,,,,
593,male,,,,,,,,
594,male,,,,,,,,
595,male,,,,,,,,
596,male,,,,,,,,
597,male,,,,,,,,
598,male,,,,,,,,
599,female,,,,,,,,
600,male,,,,,,,,
601,male,,,,,,,,
602,male,,,,,,,,
603,,,,,,,,,
604,male,,,,,,,,
605,male,,,,,,,,
606,male,,,,,,,,
607,male,,,,,,,,
608,male,,,,,,,,
609,male,,,,,,,,
610,male,,,,,,,,
611,male,,,,,,,,
612,male,,,,,,,,
613,female,,,,,,,,
614,male,,,,,,,,
615,male,,,,,,,,
616,male,,,,,,,,
617,male,,,,,,,,
618,male,,,,,,,,
619,male,,,,,,,,
620,male,,,,,,,,
621,,,,,,,,,
622,male,,,,,,,,
623,male,,,,,,,,
624,male,,,,,,,,
625,male,,,,,,,,
626,male,,,,,,,,
627,male,,,,,,,,
628,male,,,,,,,,
629,male,,,,,,,,
630,male,,,,,,,,
631,male,,,,,,,,
632,male,,,,,,,,
633,male,,,,,,,,
634,male,,,,,,,,
635,,,,,,,,,
636,male,,,,,,,,
637,male,,,,,,,,
638,male,,,,,,,,
639,male,,,,,,,,
640,,,,,,,,,
641,male,,,,,,,,
642,male,,,,,,,,
643,male,,,,,,,,
644,male,,,,,,,,
645,male,,,,,,,,
646,male,,,,,,,,
647,male,,,,,,,,
648,male,,,,,,,,
649,male,,,,,,,,
650,male,,,,,,,,
651,female,,,,,,,,
652,male,,,,,,,,
653,unisex,,,,,,,,
654,,,,,,,,,
655,male,,,,,,,,
656,male,,,,,,,,
657,male,,,,,,,,
658,male,,,,,,,,
659,male,,,,,,,,
660,male,,,,,,,,
661,,,,,,,,,
662,male,,,,,,,,
663,male,,,,,,,,
664,male,,,,,,,,
665,male,,,,,,,,
666,male,,,,,,,,
667,male,,,,,,,,
668,male,,,,,,,,
669,male,,,,,,,,
670,male,,,,,,,,
671,,,,,,,,,
672,male,,,,,,,,
673,male,,,,,,,,
674,male,,,,,,,,
675,,,,,,,,,
676,male,,,,,,,,
677,male,,,,,,,,
678,male,,,,,,,,
679,,,,,,,,,
680,male,,,,,,,,
681,male,,,,,,,,
682,,,,,,,,,
683,,,,,,,,,
684,male,,,,,,,,
685,male,,,,,,,,
686,male,,,,,,,,
687,male,,,,,,,,
688,,,,,,,,,
689,male,,,,,,,,
690,male,,,,,,,,
691,,,,,,,,,
692,,,,,,,,,
693,,,,,,,,,
694,male,,,,,,,,
695,unisex,,,,,,,,
696,male,,,,,,,,
697,male,,,,,,,,
698,male,,,,,,,,
699,male,,,,,,,,
700,male,,,,,,,,
701,male,,,,,,,,
702,male,,,,,,,,
703,male,,,,,,,,
704,male,,,,,,,,
705,male,,,,,,,,
706,male,,,,,,,,
707,male,,,,,,,,
708,male,,,,,,,,
709,male,,,,,,,,
710,male,,,,,,,,
711,male,,,,,,,,
712,,,,,,,,,
713,male,,,,,,,,
714,male,,,,,,,,
715,male,,,,,,,,
716,male,,,,,,,,
717,male,,,,,,,,
718,male,,,,,,,,
719,male,,,,,,,,
720,female,,,,,,,,
721,male,,,,,,,,
722,male,,,,,,,,
723,male,,,,,,,,
724,male,,,,,,,,
725,male,,,,,,,,
726,male,,,,,,,,
727,male,,,,,,,,
728,male,,,,,,,,
729,male,,,,,,,,
730,male,,,,,,,,
731,male,,,,,,,,
732,male,,,,,,,,
733,male,,,,,,,,
734,,,,,,,,,
735,male,,,,,,,,
736,male,,,,,,,,
737,male,,,,,,,,
738,female,,,,,,,,
739,,,,,,,,,
740,male,,,,,,,,
741,male,,,,,,,,
742,male,,,,,,,,
743,male,,,,,,,,
744,male,,,,,,,,
745,male,,,,,,,,
746,male,,,,,,,,
747,male,,,,,,,,
748,male,,,,,,,,
749,female,,,,,,,,
750,male,,,,,,,,
751,male,,,,,,,,
752,male,,,,,,,,
753,male,,,,,,,,
754,male,,,,,,,,
755,,,,,,,,,
756,male,,,,,,,,
757,female,,,,,,,,
758,female,,,,,,,,
759,,,,,,,,,
760,male,,,,,,,,
761,,,,,,,,,
762,male,,,,,,,,
763,male,,,,,,,,
764,male,,,,,,,,
765,,,,,,,,,
766,male,,,,,,,,
767,,,,,,,,,
768,male,,,,,,,,
769,male,,,,,,,,
770,male,,,,,,,,
771,male,,,,,,,,
772,male,,,,,,,,
773,male,,,,,,,,
774,male,,,,,,,,
775,male,,,,,,,,
776,male,,,,,,,,
777,male,,,,,,,,
778,male,,,,,,,,
779,male,,,,,,,,
780,male,,,,,,,,
781,,,,,,,,,
782,male,,,,,,,,
0,female,,,,,,,,
1,male,,,,,,,,
2,female,,,,,,,,
3,male,,,,,,,,
4,male,,,,,,,,
5,male,,,,,,,,
6,male,,,,,,,,
7,male,,,,,,,,
8,male,,,,,,,,
9,male,,,,,,,,
10,,,,,,,,,
11,male,,,,,,,,
12,,,,,,,,,
13,male,,,,,,,,
14,male,,,,,,,,
15,male,,,,,,,,
16,,,,,,,,,
17,male,,,,,,,,
18,male,,,,,,,,
19,male,,,,,,,,
20,male,,,,,,,,
21,male,,,,,,,,
22,male,,,,,,,,
23,male,,,,,,,,
24,male,,,,,,,,
25,male,,,,,,,,
26,male,,,,,,,,
27,male,,,,,,,,
28,female,,,,,,,,
29,male,,,,,,,,
30,,,,,,,,,
31,male,,,,,,,,
32,,,,,,,,,
33,,,,,,,,,
34,male,,,,,,,,
35,male,,,,,,,,
36,male,,,,,,,,
37,male,,,,,,,,
38,male,,,,,,,,
39,male,,,,,,,,
40,,,,,,,,,
41,male,,,,,,,,
42,male,,,,,,,,
43,male,,,,,,,,
44,male,,,,,,,,
45,,,,,,,,,
46,male,,,,,,,,
47,male,,,,,,,,
48,male,,,,,,,,
49,male,,,,,,,,
50,male,,,,,,,,
51,,,,,,,,,
52,,,,,,,,,
53,,,,,,,,,
54,male,,,,,,,,
55,male,,,,,,,,
56,female,,,,,,,,
57,male,,,,,,,,
58,male,,,,,,,,
59,male,,,,,,,,
60,female,,,,,,,,
61,male,,,,,,,,
62,,,,,,,,,
63,,,,,,,,,
0,female,,,,,,,,
1,male,,,,,,,,
2,male,,,,,,,,
3,male,,,,,,,,
4,male,,,,,,,,
5,male,,,,,,,,
6,male,,,,,,,,
7,male,,,,,,,,
8,male,,,,,,,,
9,male,,,,,,,,
10,male,,,,,,,,
11,male,,,,,,,,
12,male,,,,,,,,
13,,,,,,,,,
14,male,,,,,,,,
15,male,,,,,,,,
16,male,,,,,,,,
17,male,,,,,,,,
18,male,,,,,,,,
19,male,,,,,,,,
20,male,,,,,,,,
21,male,,,,,,,,
22,,,,,,,,,
23,male,,,,,,,,
24,male,,,,,,,,
25,male,,,,,,,,
26,male,,,,,,,,
27,,,,,,,,,
28,male,,,,,,,,
29,female,,,,,,,,
30,male,,,,,,,,
31,female,,,,,,,,
32,,,,,,,,,
33,male,,,,,,,,
34,male,,,,,,,,
35,male,,,,,,,,
36,male,,,,,,,,
37,female,,,,,,,,
38,male,,,,,,,,
39,male,,,,,,,,
40,male,,,,,,,,
41,male,,,,,,,,
42,male,,,,,,,,
43,male,,,,,,,,
44,male,,,,,,,,
45,male,,,,,,,,
46,male,,,,,,,,
47,male,,,,,,,,
48,male,,,,,,,,
49,,,,,,,,,
50,,,,,,,,,
51,male,,,,,,,,
52,male,,,,,,,,
53,,,,,,,,,
54,male,,,,,,,,
55,male,,,,,,,,
56,male,,,,,,,,
57,male,,,,,,,,
58,male,,,,,,,,
59,male,,,,,,,,
60,male,,,,,,,,
61,male,,,,,,,,
62,male,,,,,,,,
63,female,,,,,,,,
64,,,,,,,,,
65,male,,,,,,,,
66,male,,,,,,,,
67,male,,,,,,,,
68,male,,,,,,,,
69,male,,,,,,,,
70,male,,,,,,,,
71,male,,,,,,,,
72,male,,,,,,,,
73,male,,,,,,,,
74,,,,,,,,,
75,male,,,,,,,,
76,male,,,,,,,,
77,,,,,,,,,
78,male,,,,,,,,
79,male,,,,,,,,
80,male,,,,,,,,
81,,,,,,,,,
82,male,,,,,,,,
83,male,,,,,,,,
84,male,,,,,,,,
85,,,,,,,,,
86,male,,,,,,,,
87,male,,,,,,,,
88,male,,,,,,,,
89,male,,,,,,,,
90,male,,,,,,,,
91,male,,,,,,,,
92,male,,,,,,,,
93,male,,,,,,,,
94,male,,,,,,,,
95,male,,,,,,,,
96,male,,,,,,,,
97,male,,,,,,,,
98,male,,,,,,,,
99,male,,,,,,,,
100,male,,,,,,,,
101,male,,,,,,,,
102,male,,,,,,,,
103,male,,,,,,,,
104,male,,,,,,,,
105,male,,,,,,,,
106,female,,,,,,,,
107,unisex,,,,,,,,
108,male,,,,,,,,
109,male,,,,,,,,
110,male,,,,,,,,
111,male,,,,,,,,
112,male,,,,,,,,
113,male,,,,,,,,
114,male,,,,,,,,
115,female,,,,,,,,
116,,,,,,,,,
117,male,,,,,,,,
118,male,,,,,,,,
119,male,,,,,,,,
120,male,,,,,,,,
121,male,,,,,,,,
122,male,,,,,,,,
123,,,,,,,,,
124,male,,,,,,,,
125,,,,,,,,,
126,male,,,,,,,,
127,male,,,,,,,,
128,,,,,,,,,
129,male,,,,,,,,
130,male,,,,,,,,
131,,,,,,,,,
132,male,,,,,,,,
133,male,,,,,,,,
134,male,,,,,,,,
135,male,,,,,,,,
136,male,,,,,,,,
137,,,,,,,,,
138,male,,,,,,,,
139,male,,,,,,,,
140,male,,,,,,,,
141,male,,,,,,,,
142,male,,,,,,,,
143,male,,,,,,,,
144,male,,,,,,,,
145,,,,,,,,,
146,male,,,,,,,,
147,male,,,,,,,,
148,male,,,,,,,,
149,male,,,,,,,,
150,male,,,,,,,,
151,male,,,,,,,,
152,male,,,,,,,,
153,,,,,,,,,
154,male,,,,,,,,
155,,,,,,,,,
156,male,,,,,,,,
157,male,,,,,,,,
158,male,,,,,,,,
159,male,,,,,,,,
160,male,,,,,,,,
161,male,,,,,,,,
162,,,,,,,,,
163,male,,,,,,,,
164,female,,,,,,,,
165,male,,,,,,,,
166,male,,,,,,,,
167,male,,,,,,,,
168,male,,,,,,,,
169,male,,,,,,,,
170,male,,,,,,,,
171,male,,,,,,,,
172,male,,,,,,,,
173,male,,,,,,,,
174,male,,,,,,,,
175,male,,,,,,,,
176,male,,,,,,,,
177,male,,,,,,,,
178,male,,,,,,,,
179,male,,,,,,,,
180,male,,,,,,,,
181,male,,,,,,,,
182,male,,,,,,,,
183,male,,,,,,,,
184,male,,,,,,,,
185,male,,,,,,,,
186,male,,,,,,,,
187,male,,,,,,,,
188,male,,,,,,,,
189,male,,,,,,,,
190,male,,,,,,,,
191,male,,,,,,,,
192,male,,,,,,,,
193,male,,,,,,,,
194,female,,,,,,,,
195,male,,,,,,,,
196,male,,,,,,,,
197,male,,,,,,,,
198,,,,,,,,,
199,male,,,,,,,,
200,male,,,,,,,,
201,male,,,,,,,,
202,male,,,,,,,,
203,male,,,,,,,,
204,male,,,,,,,,
205,male,,,,,,,,
206,male,,,,,,,,
207,male,,,,,,,,
208,male,,,,,,,,
209,male,,,,,,,,
210,male,,,,,,,,
211,unisex,,,,,,,,
212,male,,,,,,,,
213,male,,,,,,,,
214,male,,,,,,,,
215,male,,,,,,,,
216,male,,,,,,,,
217,,,,,,,,,
218,male,,,,,,,,
219,male,,,,,,,,
220,male,,,,,,,,
221,male,,,,,,,,
222,,,,,,,,,
223,male,,,,,,,,
224,male,,,,,,,,
225,male,,,,,,,,
226,male,,,,,,,,
227,male,,,,,,,,
228,male,,,,,,,,
229,,,,,,,,,
230,male,,,,,,,,
231,female,,,,,,,,
232,male,,,,,,,,
233,male,,,,,,,,
234,male,,,,,,,,
235,male,,,,,,,,
236,female,,,,,,,,
237,male,,,,,,,,
238,male,,,,,,,,
239,,,,,,,,,
240,male,,,,,,,,
241,female,,,,,,,,
242,male,,,,,,,,
243,male,,,,,,,,
244,male,,,,,,,,
245,male,,,,,,,,
246,male,,,,,,,,
247,male,,,,,,,,
248,male,,,,,,,,
249,male,,,,,,,,
250,female,,,,,,,,
251,male,,,,,,,,
252,male,,,,,,,,
253,male,,,,,,,,
254,female,,,,,,,,
255,male,,,,,,,,
256,,,,,,,,,
257,male,,,,,,,,
258,male,,,,,,,,
259,male,,,,,,,,
260,male,,,,,,,,
261,male,,,,,,,,
262,male,,,,,,,,
263,male,,,,,,,,
264,male,,,,,,,,
265,male,,,,,,,,
266,male,,,,,,,,
267,male,,,,,,,,
268,male,,,,,,,,
269,male,,,,,,,,
270,,,,,,,,,
271,male,,,,,,,,
272,female,,,,,,,,
273,,,,,,,,,
274,male,,,,,,,,
275,male,,,,,,,,
276,male,,,,,,,,
277,male,,,,,,,,
278,male,,,,,,,,
279,male,,,,,,,,
280,male,,,,,,,,
281,male,,,,,,,,
282,male,,,,,,,,
283,male,,,,,,,,
284,male,,,,,,,,
285,,,,,,,,,
286,male,,,,,,,,
287,male,,,,,,,,
288,female,,,,,,,,
289,female,,,,,,,,
290,,,,,,,,,
291,male,,,,,,,,
292,,,,,,,,,
293,male,,,,,,,,
294,,,,,,,,,
295,male,,,,,,,,
296,male,,,,,,,,
297,male,,,,,,,,
298,male,,,,,,,,
299,male,,,,,,,,
300,male,,,,,,,,
301,male,,,,,,,,
302,male,,,,,,,,
303,male,,,,,,,,
304,male,,,,,,,,
305,,,,,,,,,
306,male,,,,,,,,
307,male,,,,,,,,
308,male,,,,,,,,
309,male,,,,,,,,
310,male,,,,,,,,
311,male,,,,,,,,
312,female,,,,,,,,
313,male,,,,,,,,
314,male,,,,,,,,
315,male,,,,,,,,
316,male,,,,,,,,
317,male,,,,,,,,
318,male,,,,,,,,
319,male,,,,,,,,
320,male,,,,,,,,
321,male,,,,,,,,
322,male,,,,,,,,
323,male,,,,,,,,
324,male,,,,,,,,
325,,,,,,,,,
326,male,,,,,,,,
327,male,,,,,,,,
328,male,,,,,,,,
329,male,,,,,,,,
330,male,,,,,,,,
331,male,,,,,,,,
332,male,,,,,,,,
333,male,,,,,,,,
334,,,,,,,,,
335,male,,,,,,,,
336,unisex,,,,,,,,
337,male,,,,,,,,
338,male,,,,,,,,
339,,,,,,,,,
340,male,,,,,,,,
341,,,,,,,,,
342,male,,,,,,,,
343,male,,,,,,,,
344,male,,,,,,,,
345,male,,,,,,,,
346,male,,,,,,,,
347,,,,,,,,,
348,female,,,,,,,,
349,male,,,,,,,,
350,male,,,,,,,,
351,male,,,,,,,,
352,male,,,,,,,,
353,male,,,,,,,,
354,,,,,,,,,
355,male,,,,,,,,
356,male,,,,,,,,
357,male,,,,,,,,
358,male,,,,,,,,
359,male,,,,,,,,
360,male,,,,,,,,
361,male,,,,,,,,
362,male,,,,,,,,
363,male,,,,,,,,
364,male,,,,,,,,
365,male,,,,,,,,
366,male,,,,,,,,
367,,,,,,,,,
368,male,,,,,,,,
369,male,,,,,,,,
370,male,,,,,,,,
371,male,,,,,,,,
372,male,,,,,,,,
373,male,,,,,,,,
374,,,,,,,,,
375,,,,,,,,,
376,male,,,,,,,,
377,male,,,,,,,,
378,male,,,,,,,,
379,male,,,,,,,,
380,,,,,,,,,
381,male,,,,,,,,
382,male,,,,,,,,
383,male,,,,,,,,
384,male,,,,,,,,
385,male,,,,,,,,
386,,,,,,,,,
387,female,,,,,,,,
388,,,,,,,,,
389,,,,,,,,,
390,male,,,,,,,,
391,male,,,,,,,,
392,male,,,,,,,,
393,male,,,,,,,,
394,male,,,,,,,,
395,female,,,,,,,,
396,male,,,,,,,,
397,male,,,,,,,,
398,male,,,,,,,,
399,male,,,,,,,,
400,male,,,,,,,,
401,male,,,,,,,,
402,male,,,,,,,,
403,male,,,,,,,,
404,,,,,,,,,
405,male,,,,,,,,
406,,,,,,,,,
407,male,,,,,,,,
408,male,,,,,,,,
409,male,,,,,,,,
410,,,,,,,,,
411,male,,,,,,,,
412,male,,,,,,,,
413,,,,,,,,,
414,male,,,,,,,,
415,male,,,,,,,,
416,male,,,,,,,,
417,female,,,,,,,,
418,male,,,,,,,,
419,male,,,,,,,,
420,male,,,,,,,,
421,male,,,,,,,,
422,male,,,,,,,,
423,male,,,,,,,,
424,male,,,,,,,,
425,male,,,,,,,,
426,male,,,,,,,,
427,male,,,,,,,,
428,female,,,,,,,,
429,male,,,,,,,,
430,male,,,,,,,,
431,male,,,,,,,,
432,female,,,,,,,,
433,male,,,,,,,,
434,male,,,,,,,,
435,female,,,,,,,,
436,male,,,,,,,,
437,,,,,,,,,
438,,,,,,,,,
439,,,,,,,,,
440,male,,,,,,,,
441,,,,,,,,,
442,male,,,,,,,,
443,male,,,,,,,,
444,male,,,,,,,,
445,male,,,,,,,,
446,male,,,,,,,,
447,male,,,,,,,,
448,male,,,,,,,,
449,male,,,,,,,,
450,female,,,,,,,,
451,female,,,,,,,,
452,male,,,,,,,,
453,male,,,,,,,,
454,female,,,,,,,,
455,male,,,,,,,,
456,male,,,,,,,,
457,,,,,,,,,
458,male,,,,,,,,
459,female,,,,,,,,
460,male,,,,,,,,
461,,,,,,,,,
462,male,,,,,,,,
463,male,,,,,,,,
464,male,,,,,,,,
465,male,,,,,,,,
466,male,,,,,,,,
467,male,,,,,,,,
468,male,,,,,,,,
469,male,,,,,,,,
470,,,,,,,,,
471,,,,,,,,,
472,male,,,,,,,,
473,male,,,,,,,,
474,male,,,,,,,,
475,male,,,,,,,,
476,male,,,,,,,,
477,female,,,,,,,,
478,male,,,,,,,,
479,male,,,,,,,,
480,,,,,,,,,
481,male,,,,,,,,
482,male,,,,,,,,
483,male,,,,,,,,
484,male,,,,,,,,
485,male,,,,,,,,
486,male,,,,,,,,
487,male,,,,,,,,
488,male,,,,,,,,
489,male,,,,,,,,
490,male,,,,,,,,
491,male,,,,,,,,
492,male,,,,,,,,
493,male,,,,,,,,
494,male,,,,,,,,
495,male,,,,,,,,
496,male,,,,,,,,
497,male,,,,,,,,
498,male,,,,,,,,
499,male,,,,,,,,
500,male,,,,,,,,
501,female,,,,,,,,
502,male,,,,,,,,
503,male,,,,,,,,
504,male,,,,,,,,
505,male,,,,,,,,
506,male,,,,,,,,
507,male,,,,,,,,
508,male,,,,,,,,
509,male,,,,,,,,
510,male,,,,,,,,
511,male,,,,,,,,
512,female,,,,,,,,
513,female,,,,,,,,
514,male,,,,,,,,
515,male,,,,,,,,
516,,,,,,,,,
517,male,,,,,,,,
518,male,,,,,,,,
519,male,,,,,,,,
520,male,,,,,,,,
521,,,,,,,,,
522,male,,,,,,,,
523,male,,,,,,,,
524,male,,,,,,,,
525,male,,,,,,,,
526,female,,,,,,,,
527,,,,,,,,,
528,male,,,,,,,,
529,male,,,,,,,,
530,male,,,,,,,,
531,male,,,,,,,,
532,male,,,,,,,,
533,male,,,,,,,,
534,male,,,,,,,,
535,male,,,,,,,,
536,male,,,,,,,,
537,male,,,,,,,,
538,male,,,,,,,,
539,male,,,,,,,,
540,male,,,,,,,,
541,male,,,,,,,,
542,male,,,,,,,,
543,male,,,,,,,,
544,male,,,,,,,,
545,male,,,,,,,,
546,male,,,,,,,,
547,male,,,,,,,,
548,,,,,,,,,
549,male,,,,,,,,
550,male,,,,,,,,
551,male,,,,,,,,
552,male,,,,,,,,
553,male,,,,,,,,
554,male,,,,,,,,
555,male,,,,,,,,
556,male,,,,,,,,
557,male,,,,,,,,
558,female,,,,,,,,
559,male,,,,,,,,
560,,,,,,,,,
561,male,,,,,,,,
562,male,,,,,,,,
563,male,,,,,,,,
564,,,,,,,,,
565,male,,,,,,,,
566,female,,,,,,,,
567,male,,,,,,,,
568,male,,,,,,,,
569,male,,,,,,,,
570,male,,,,,,,,
571,male,,,,,,,,
572,male,,,,,,,,
573,,,,,,,,,
574,,,,,,,,,
575,male,,,,,,,,
576,,,,,,,,,
577,male,,,,,,,,
578,male,,,,,,,,
579,male,,,,,,,,
580,male,,,,,,,,
581,male,,,,,,,,
582,male,,,,,,,,
583,male,,,,,,,,
0,female,,,,,,,,
1,male,,,,,,,,
2,male,,,,,,,,
3,male,,,,,,,,
4,male,,,,,,,,
5,male,,,,,,,,
6,female,,,,,,,,
7,,,,,,,,,
8,,,,,,,,,
9,male,,,,,,,,
10,female,,,,,,,,
11,male,,,,,,,,
12,male,,,,,,,,
13,male,,,,,,,,
14,male,,,,,,,,
15,male,,,,,,,,
16,male,,,,,,,,
17,male,,,,,,,,
18,male,,,,,,,,
19,,,,,,,,,
20,,,,,,,,,
21,male,,,,,,,,
22,male,,,,,,,,
23,male,,,,,,,,
24,male,,,,,,,,
25,male,,,,,,,,
26,female,,,,,,,,
27,male,,,,,,,,
28,male,,,,,,,,
29,male,,,,,,,,
30,male,,,,,,,,
31,female,,,,,,,,
32,male,,,,,,,,
33,male,,,,,,,,
34,male,,,,,,,,
35,male,,,,,,,,
36,male,,,,,,,,
37,male,,,,,,,,
38,male,,,,,,,,
39,male,,,,,,,,
40,male,,,,,,,,
41,male,,,,,,,,
42,male,,,,,,,,
43,,,,,,,,,
44,,,,,,,,,
45,male,,,,,,,,
46,,,,,,,,,
47,male,,,,,,,,
48,male,,,,,,,,
49,male,,,,,,,,
50,female,,,,,,,,
51,male,,,,,,,,
52,male,,,,,,,,
53,male,,,,,,,,
54,male,,,,,,,,
55,male,,,,,,,,
56,male,,,,,,,,
57,male,,,,,,,,
58,male,,,,,,,,
59,male,,,,,,,,
60,male,,,,,,,,
61,male,,,,,,,,
62,male,,,,,,,,
63,male,,,,,,,,
64,male,,,,,,,,
65,male,,,,,,,,
66,male,,,,,,,,
67,male,,,,,,,,
68,male,,,,,,,,
69,male,,,,,,,,
70,male,,,,,,,,
71,,,,,,,,,
72,male,,,,,,,,
73,,,,,,,,,
74,male,,,,,,,,
75,male,,,,,,,,
76,male,,,,,,,,
77,male,,,,,,,,
78,,,,,,,,,
79,,,,,,,,,
80,male,,,,,,,,
81,,,,,,,,,
82,male,,,,,,,,
83,male,,,,,,,,
84,male,,,,,,,,
85,male,,,,,,,,
86,male,,,,,,,,
87,,,,,,,,,
88,male,,,,,,,,
89,male,,,,,,,,
90,male,,,,,,,,
91,male,,,,,,,,
92,male,,,,,,,,
93,male,,,,,,,,
94,male,,,,,,,,
95,male,,,,,,,,
96,male,,,,,,,,
97,male,,,,,,,,
98,unisex,,,,,,,,
99,male,,,,,,,,
100,male,,,,,,,,
101,male,,,,,,,,
102,male,,,,,,,,
103,,,,,,,,,
104,male,,,,,,,,
105,male,,,,,,,,
106,male,,,,,,,,
107,male,,,,,,,,
108,,,,,,,,,
109,male,,,,,,,,
110,unisex,,,,,,,,
111,male,,,,,,,,
112,male,,,,,,,,
113,male,,,,,,,,
114,male,,,,,,,,
115,,,,,,,,,
116,male,,,,,,,,
117,male,,,,,,,,
118,male,,,,,,,,
119,male,,,,,,,,
120,male,,,,,,,,
121,male,,,,,,,,
122,male,,,,,,,,
123,male,,,,,,,,
124,male,,,,,,,,
125,male,,,,,,,,
126,,,,,,,,,
127,male,,,,,,,,
128,male,,,,,,,,
129,male,,,,,,,,
130,male,,,,,,,,
131,male,,,,,,,,
132,female,,,,,,,,
133,,,,,,,,,
134,male,,,,,,,,
135,male,,,,,,,,
136,male,,,,,,,,
137,male,,,,,,,,
138,male,,,,,,,,
139,male,,,,,,,,
140,male,,,,,,,,
141,male,,,,,,,,
142,male,,,,,,,,
143,male,,,,,,,,
144,male,,,,,,,,
145,male,,,,,,,,
146,unisex,,,,,,,,
147,male,,,,,,,,
148,female,,,,,,,,
149,male,,,,,,,,
150,male,,,,,,,,
151,male,,,,,,,,
152,male,,,,,,,,
153,male,,,,,,,,
154,female,,,,,,,,
155,male,,,,,,,,
156,male,,,,,,,,
157,male,,,,,,,,
158,male,,,,,,,,
159,male,,,,,,,,
160,female,,,,,,,,
161,male,,,,,,,,
162,male,,,,,,,,
163,male,,,,,,,,
164,male,,,,,,,,
165,male,,,,,,,,
166,male,,,,,,,,
167,male,,,,,,,,
168,male,,,,,,,,
169,female,,,,,,,,
170,male,,,,,,,,
171,male,,,,,,,,
172,male,,,,,,,,
173,male,,,,,,,,
174,male,,,,,,,,
175,male,,,,,,,,
176,male,,,,,,,,
177,male,,,,,,,,
178,,,,,,,,,
179,male,,,,,,,,
180,male,,,,,,,,
181,male,,,,,,,,
182,male,,,,,,,,
183,male,,,,,,,,
184,male,,,,,,,,
185,male,,,,,,,,
186,male,,,,,,,,
187,male,,,,,,,,
188,male,,,,,,,,
189,male,,,,,,,,
190,female,,,,,,,,
191,male,,,,,,,,
192,male,,,,,,,,
193,male,,,,,,,,
194,male,,,,,,,,
195,male,,,,,,,,
196,male,,,,,,,,
197,female,,,,,,,,
198,male,,,,,,,,
199,male,,,,,,,,
200,male,,,,,,,,
201,,,,,,,,,
202,male,,,,,,,,
203,male,,,,,,,,
204,male,,,,,,,,
205,male,,,,,,,,
206,female,,,,,,,,
207,male,,,,,,,,
208,male,,,,,,,,
209,male,,,,,,,,
210,female,,,,,,,,
211,male,,,,,,,,
212,male,,,,,,,,
213,male,,,,,,,,
214,male,,,,,,,,
215,male,,,,,,,,
216,male,,,,,,,,
217,male,,,,,,,,
218,male,,,,,,,,
219,male,,,,,,,,
220,male,,,,,,,,
221,male,,,,,,,,
222,male,,,,,,,,
223,male,,,,,,,,
224,male,,,,,,,,
225,male,,,,,,,,
226,female,,,,,,,,
227,male,,,,,,,,
228,male,,,,,,,,
229,male,,,,,,,,
230,male,,,,,,,,
231,male,,,,,,,,
232,male,,,,,,,,
233,,,,,,,,,
234,male,,,,,,,,
235,male,,,,,,,,
236,male,,,,,,,,
237,male,,,,,,,,
238,male,,,,,,,,
239,male,,,,,,,,
240,male,,,,,,,,
241,male,,,,,,,,
242,male,,,,,,,,
243,male,,,,,,,,
244,male,,,,,,,,
245,male,,,,,,,,
246,,,,,,,,,
247,male,,,,,,,,
248,male,,,,,,,,
249,female,,,,,,,,
250,,,,,,,,,
251,,,,,,,,,
252,male,,,,,,,,
253,male,,,,,,,,
254,male,,,,,,,,
255,male,,,,,,,,
256,male,,,,,,,,
257,male,,,,,,,,
258,male,,,,,,,,
259,female,,,,,,,,
260,male,,,,,,,,
261,male,,,,,,,,
262,male,,,,,,,,
263,,,,,,,,,
264,male,,,,,,,,
265,male,,,,,,,,
266,male,,,,,,,,
267,male,,,,,,,,
268,male,,,,,,,,
269,male,,,,,,,,
270,male,,,,,,,,
271,male,,,,,,,,
272,male,,,,,,,,
273,male,,,,,,,,
274,,,,,,,,,
275,male,,,,,,,,
276,male,,,,,,,,
277,male,,,,,,,,
278,male,,,,,,,,
279,male,,,,,,,,
280,male,,,,,,,,
281,male,,,,,,,,
282,male,,,,,,,,
283,male,,,,,,,,
284,male,,,,,,,,
285,male,,,,,,,,
286,,,,,,,,,
287,male,,,,,,,,
288,male,,,,,,,,
289,male,,,,,,,,
290,male,,,,,,,,
291,male,,,,,,,,
292,male,,,,,,,,
293,male,,,,,,,,
294,male,,,,,,,,
295,male,,,,,,,,
296,male,,,,,,,,
297,male,,,,,,,,
298,male,,,,,,,,
299,male,,,,,,,,
300,male,,,,,,,,
301,male,,,,,,,,
302,male,,,,,,,,
303,male,,,,,,,,
304,male,,,,,,,,
305,male,,,,,,,,
306,female,,,,,,,,
307,unisex,,,,,,,,
308,male,,,,,,,,
309,male,,,,,,,,
310,male,,,,,,,,
311,male,,,,,,,,
312,male,,,,,,,,
313,male,,,,,,,,
314,,,,,,,,,
315,male,,,,,,,,
316,male,,,,,,,,
317,male,,,,,,,,
318,male,,,,,,,,
319,male,,,,,,,,
320,male,,,,,,,,
321,male,,,,,,,,
322,male,,,,,,,,
323,male,,,,,,,,
324,male,,,,,,,,
325,male,,,,,,,,
326,male,,,,,,,,
327,male,,,,,,,,
328,male,,,,,,,,
329,male,,,,,,,,
330,male,,,,,,,,
331,male,,,,,,,,
332,female,,,,,,,,
333,male,,,,,,,,
334,male,,,,,,,,
335,female,,,,,,,,
336,male,,,,,,,,
337,male,,,,,,,,
338,,,,,,,,,
339,male,,,,,,,,
340,male,,,,,,,,
341,male,,,,,,,,
342,male,,,,,,,,
343,male,,,,,,,,
344,,,,,,,,,
345,male,,,,,,,,
346,male,,,,,,,,
347,male,,,,,,,,
348,female,,,,,,,,
349,male,,,,,,,,
350,male,,,,,,,,
0,female,,,,,,,,
1,male,,,,,,,,
2,male,,,,,,,,
3,male,,,,,,,,
4,male,,,,,,,,
5,male,,,,,,,,
6,male,,,,,,,,
7,male,,,,,,,,
8,male,,,,,,,,
9,male,,,,,,,,
10,male,,,,,,,,
11,male,,,,,,,,
12,male,,,,,,,,
13,male,,,,,,,,
14,male,,,,,,,,
15,male,,,,,,,,
16,male,,,,,,,,
17,male,,,,,,,,
18,male,,,,,,,,
19,male,,,,,,,,
20,,,,,,,,,
21,male,,,,,,,,
22,male,,,,,,,,
23,male,,,,,,,,
24,male,,,,,,,,
25,male,,,,,,,,
26,,,,,,,,,
27,male,,,,,,,,
28,male,,,,,,,,
29,male,,,,,,,,
30,male,,,,,,,,
31,male,,,,,,,,
32,male,,,,,,,,
33,male,,,,,,,,
34,,,,,,,,,
35,,,,,,,,,
36,male,,,,,,,,
37,,,,,,,,,
38,,,,,,,,,
39,male,,,,,,,,
40,male,,,,,,,,
41,,,,,,,,,
42,male,,,,,,,,
43,male,,,,,,,,
44,male,,,,,,,,
45,male,,,,,,,,
46,male,,,,,,,,
47,male,,,,,,,,
48,male,,,,,,,,
49,male,,,,,,,,
50,male,,,,,,,,
51,male,,,,,,,,
52,male,,,,,,,,
53,male,,,,,,,,
54,male,,,,,,,,
55,,,,,,,,,
56,male,,,,,,,,
57,male,,,,,,,,
58,,,,,,,,,
59,male,,,,,,,,
60,,,,,,,,,
61,male,,,,,,,,
62,male,,,,,,,,
63,unisex,,,,,,,,
64,male,,,,,,,,
65,male,,,,,,,,
66,male,,,,,,,,
67,male,,,,,,,,
68,male,,,,,,,,
69,male,,,,,,,,
70,male,,,,,,,,
71,male,,,,,,,,
72,female,,,,,,,,
73,male,,,,,,,,
74,male,,,,,,,,
75,male,,,,,,,,
76,,,,,,,,,
77,male,,,,,,,,
78,male,,,,,,,,
79,male,,,,,,,,
80,male,,,,,,,,
81,male,,,,,,,,
82,male,,,,,,,,
83,male,,,,,,,,
84,male,,,,,,,,
85,male,,,,,,,,
86,male,,,,,,,,
87,male,,,,,,,,
88,male,,,,,,,,
89,male,,,,,,,,
90,male,,,,,,,,
91,male,,,,,,,,
92,male,,,,,,,,
93,male,,,,,,,,
94,male,,,,,,,,
95,male,,,,,,,,
96,male,,,,,,,,
97,male,,,,,,,,
98,male,,,,,,,,
99,male,,,,,,,,
100,male,,,,,,,,
101,male,,,,,,,,
102,male,,,,,,,,
103,male,,,,,,,,
104,male,,,,,,,,
105,male,,,,,,,,
106,male,,,,,,,,
107,,,,,,,,,
108,male,,,,,,,,
109,male,,,,,,,,
110,male,,,,,,,,
111,male,,,,,,,,
112,male,,,,,,,,
113,male,,,,,,,,
114,male,,,,,,,,
115,male,,,,,,,,
116,male,,,,,,,,
117,male,,,,,,,,
118,male,,,,,,,,
119,male,,,,,,,,
120,,,,,,,,,
121,male,,,,,,,,
122,,,,,,,,,
123,male,,,,,,,,
124,male,,,,,,,,
125,male,,,,,,,,
126,male,,,,,,,,
127,male,,,,,,,,
128,female,,,,,,,,
129,female,,,,,,,,
130,male,,,,,,,,
131,,,,,,,,,
132,,,,,,,,,
133,,,,,,,,,
134,male,,,,,,,,
135,male,,,,,,,,
136,male,,,,,,,,
137,male,,,,,,,,
138,,,,,,,,,
139,male,,,,,,,,
140,,,,,,,,,
141,male,,,,,,,,
142,,,,,,,,,
143,male,,,,,,,,
144,male,,,,,,,,
145,male,,,,,,,,
146,male,,,,,,,,
147,male,,,,,,,,
148,male,,,,,,,,
149,,,,,,,,,
150,male,,,,,,,,
151,male,,,,,,,,
152,male,,,,,,,,
153,female,,,,,,,,
154,male,,,,,,,,
155,male,,,,,,,,
156,male,,,,,,,,
157,male,,,,,,,,
158,male,,,,,,,,
159,male,,,,,,,,
160,male,,,,,,,,
161,,,,,,,,,
162,male,,,,,,,,
163,male,,,,,,,,
164,male,,,,,,,,
165,male,,,,,,,,
166,male,,,,,,,,
167,male,,,,,,,,
168,male,,,,,,,,
169,male,,,,,,,,
170,male,,,,,,,,
171,male,,,,,,,,
172,male,,,,,,,,
173,male,,,,,,,,
174,male,,,,,,,,
175,male,,,,,,,,
176,male,,,,,,,,
177,male,,,,,,,,
178,male,,,,,,,,
179,male,,,,,,,,
180,male,,,,,,,,
181,,,,,,,,,
182,male,,,,,,,,
183,male,,,,,,,,
184,male,,,,,,,,
185,male,,,,,,,,
186,male,,,,,,,,
187,male,,,,,,,,
188,male,,,,,,,,
189,male,,,,,,,,
190,male,,,,,,,,
191,male,,,,,,,,
192,female,,,,,,,,
193,male,,,,,,,,
194,male,,,,,,,,
195,male,,,,,,,,
196,,,,,,,,,
197,male,,,,,,,,
198,,,,,,,,,
199,male,,,,,,,,
200,male,,,,,,,,
201,male,,,,,,,,
202,male,,,,,,,,
203,male,,,,,,,,
204,male,,,,,,,,
205,male,,,,,,,,
206,male,,,,,,,,
207,male,,,,,,,,
208,male,,,,,,,,
209,male,,,,,,,,
210,male,,,,,,,,
211,,,,,,,,,
212,male,,,,,,,,
213,male,,,,,,,,
214,female,,,,,,,,
215,male,,,,,,,,
216,male,,,,,,,,
217,,,,,,,,,
218,male,,,,,,,,
219,male,,,,,,,,
220,male,,,,,,,,
221,male,,,,,,,,
222,male,,,,,,,,
223,male,,,,,,,,
224,male,,,,,,,,
225,male,,,,,,,,
226,female,,,,,,,,
227,male,,,,,,,,
228,male,,,,,,,,
229,male,,,,,,,,
230,male,,,,,,,,
231,female,,,,,,,,
232,male,,,,,,,,
233,male,,,,,,,,
234,male,,,,,,,,
235,male,,,,,,,,
236,male,,,,,,,,
237,male,,,,,,,,
238,male,,,,,,,,
239,male,,,,,,,,
240,male,,,,,,,,
241,male,,,,,,,,
242,male,,,,,,,,
243,male,,,,,,,,
244,male,,,,,,,,
245,male,,,,,,,,
246,male,,,,,,,,
247,male,,,,,,,,
248,male,,,,,,,,
249,male,,,,,,,,
250,male,,,,,,,,
251,male,,,,,,,,
252,male,,,,,,,,
253,male,,,,,,,,
254,male,,,,,,,,
255,male,,,,,,,,
256,male,,,,,,,,
257,male,,,,,,,,
258,male,,,,,,,,
259,male,,,,,,,,
260,male,,,,,,,,
261,male,,,,,,,,
262,male,,,,,,,,
263,male,,,,,,,,
264,male,,,,,,,,
265,male,,,,,,,,
266,male,,,,,,,,
267,male,,,,,,,,
268,male,,,,,,,,
269,male,,,,,,,,
270,male,,,,,,,,
271,male,,,,,,,,
272,,,,,,,,,
273,female,,,,,,,,
274,male,,,,,,,,
275,,,,,,,,,
276,male,,,,,,,,
277,male,,,,,,,,
278,female,,,,,,,,
279,male,,,,,,,,
280,male,,,,,,,,
281,male,,,,,,,,
282,male,,,,,,,,
283,male,,,,,,,,
284,male,,,,,,,,
285,female,,,,,,,,
286,male,,,,,,,,
287,male,,,,,,,,
288,male,,,,,,,,
289,male,,,,,,,,
290,male,,,,,,,,
291,male,,,,,,,,
292,male,,,,,,,,
293,male,,,,,,,,
294,male,,,,,,,,
295,male,,,,,,,,
296,male,,,,,,,,
297,male,,,,,,,,
298,male,,,,,,,,
299,male,,,,,,,,
300,male,,,,,,,,
301,male,,,,,,,,
302,male,,,,,,,,
303,male,,,,,,,,
304,male,,,,,,,,
305,male,,,,,,,,
306,male,,,,,,,,
307,male,,,,,,,,
308,male,,,,,,,,
309,male,,,,,,,,
310,male,,,,,,,,
311,male,,,,,,,,
312,,,,,,,,,
313,male,,,,,,,,
314,male,,,,,,,,
315,,,,,,,,,
316,male,,,,,,,,
317,male,,,,,,,,
318,male,,,,,,,,
319,male,,,,,,,,
320,male,,,,,,,,
321,male,,,,,,,,
322,male,,,,,,,,
323,male,,,,,,,,
324,male,,,,,,,,
325,,,,,,,,,
326,,,,,,,,,
327,male,,,,,,,,
328,male,,,,,,,,
329,male,,,,,,,,
330,male,,,,,,,,
331,male,,,,,,,,
332,male,,,,,,,,
333,male,,,,,,,,
334,male,,,,,,,,
335,male,,,,,,,,
336,male,,,,,,,,
337,male,,,,,,,,
338,male,,,,,,,,
339,male,,,,,,,,
340,male,,,,,,,,
341,male,,,,,,,,
342,male,,,,,,,,
343,male,,,,,,,,
344,female,,,,,,,,
345,male,,,,,,,,
346,male,,,,,,,,
347,male,,,,,,,,
348,,,,,,,,,
349,male,,,,,,,,
350,male,,,,,,,,
351,male,,,,,,,,
352,,,,,,,,,
353,male,,,,,,,,
354,male,,,,,,,,
355,male,,,,,,,,
356,,,,,,,,,
357,,,,,,,,,
358,male,,,,,,,,
359,male,,,,,,,,
360,,,,,,,,,
361,male,,,,,,,,
362,female,,,,,,,,
363,,,,,,,,,
364,,,,,,,,,
365,male,,,,,,,,
366,,,,,,,,,
367,male,,,,,,,,
368,female,,,,,,,,
369,male,,,,,,,,
370,male,,,,,,,,
371,female,,,,,,,,
372,male,,,,,,,,
373,,,,,,,,,
374,male,,,,,,,,
375,male,,,,,,,,
376,male,,,,,,,,
377,male,,,,,,,,
378,male,,,,,,,,
379,male,,,,,,,,
380,,,,,,,,,
381,male,,,,,,,,
382,male,,,,,,,,
383,male,,,,,,,,
384,unisex,,,,,,,,
385,male,,,,,,,,
386,male,,,,,,,,
387,,,,,,,,,
388,male,,,,,,,,
389,male,,,,,,,,
390,male,,,,,,,,
391,male,,,,,,,,
392,male,,,,,,,,
393,male,,,,,,,,
394,male,,,,,,,,
395,male,,,,,,,,
396,male,,,,,,,,
397,male,,,,,,,,
398,male,,,,,,,,
399,male,,,,,,,,
400,male,,,,,,,,
401,male,,,,,,,,
402,,,,,,,,,
403,male,,,,,,,,
404,female,,,,,,,,
405,male,,,,,,,,
406,male,,,,,,,,
407,,,,,,,,,
408,male,,,,,,,,
409,,,,,,,,,
410,male,,,,,,,,
411,male,,,,,,,,
412,male,,,,,,,,
413,male,,,,,,,,
414,male,,,,,,,,
415,male,,,,,,,,
416,male,,,,,,,,
417,,,,,,,,,
418,male,,,,,,,,
419,male,,,,,,,,
420,male,,,,,,,,
421,male,,,,,,,,
422,male,,,,,,,,
423,male,,,,,,,,
424,male,,,,,,,,
425,male,,,,,,,,
426,female,,,,,,,,
427,male,,,,,,,,
428,male,,,,,,,,
429,male,,,,,,,,
430,male,,,,,,,,
431,female,,,,,,,,
432,male,,,,,,,,
433,male,,,,,,,,
434,male,,,,,,,,
435,male,,,,,,,,
436,male,,,,,,,,
437,male,,,,,,,,
438,male,,,,,,,,
439,male,,,,,,,,
440,,,,,,,,,
441,male,,,,,,,,
442,male,,,,,,,,
443,male,,,,,,,,
444,male,,,,,,,,
445,,,,,,,,,
446,male,,,,,,,,
447,male,,,,,,,,
448,male,,,,,,,,
449,male,,,,,,,,
450,male,,,,,,,,
451,,,,,,,,,
452,male,,,,,,,,
453,male,,,,,,,,
454,male,,,,,,,,
455,male,,,,,,,,
456,male,,,,,,,,
457,male,,,,,,,,
458,male,,,,,,,,
459,male,,,,,,,,
460,male,,,,,,,,
461,male,,,,,,,,
462,male,,,,,,,,
463,,,,,,,,,
464,male,,,,,,,,
465,male,,,,,,,,
466,male,,,,,,,,
467,female,,,,,,,,
468,male,,,,,,,,
469,male,,,,,,,,
470,male,,,,,,,,
471,male,,,,,,,,
472,,,,,,,,,
473,male,,,,,,,,
474,male,,,,,,,,
475,male,,,,,,,,
476,male,,,,,,,,
477,male,,,,,,,,
478,male,,,,,,,,
479,male,,,,,,,,
480,male,,,,,,,,
481,male,,,,,,,,
482,female,,,,,,,,
483,,,,,,,,,
484,male,,,,,,,,
485,male,,,,,,,,
486,male,,,,,,,,
487,male,,,,,,,,
488,male,,,,,,,,
489,male,,,,,,,,
490,male,,,,,,,,
491,male,,,,,,,,
492,male,,,,,,,,
493,,,,,,,,,